<?xml version="1.0" encoding="UTF-8" ?>
<!-- This is a WordPress eXtended RSS file generated by WordPress as an export of your site. -->
<!-- It contains information about your site's posts, pages, comments, categories, and other content. -->
<!-- You may use this file to transfer that content from one site to another. -->
<!-- This file is not intended to serve as a complete backup of your site. -->

<!-- To import this information into a WordPress site follow these steps: -->
<!-- 1. Log in to that site as an administrator. -->
<!-- 2. Go to Tools: Import in the WordPress admin panel. -->
<!-- 3. Install the "WordPress" importer from the list. -->
<!-- 4. Activate & Run Importer. -->
<!-- 5. Upload this file using the form provided on that page. -->
<!-- 6. You will first be asked to map the authors in this export file to users -->
<!--    on the site. For each author, you may choose to map to an -->
<!--    existing user on the site or to create a new user. -->
<!-- 7. WordPress will then import each of the posts, pages, comments, categories, etc. -->
<!--    contained in this file into your site. -->

	<!-- generator="WordPress/5.2.2" created="2019-06-19 04:38" -->
<rss version="2.0"
	xmlns:excerpt="http://wordpress.org/export/1.2/excerpt/"
	xmlns:content="http://purl.org/rss/1.0/modules/content/"
	xmlns:wfw="http://wellformedweb.org/CommentAPI/"
	xmlns:dc="http://purl.org/dc/elements/1.1/"
	xmlns:wp="http://wordpress.org/export/1.2/"
>

<channel>
	<title>November Zero</title>
	<link>https://demo.mantrabrain.com/november-zero</link>
	<description>Just another MantraBrain Demo site</description>
	<pubDate>Wed, 19 Jun 2019 04:38:12 +0000</pubDate>
	<language>en-US</language>
	<wp:wxr_version>1.2</wp:wxr_version>
	<wp:base_site_url>http://demo.mantrabrain.com/</wp:base_site_url>
	<wp:base_blog_url>https://demo.mantrabrain.com/november-zero</wp:base_blog_url>

		<wp:author><wp:author_id>1</wp:author_id><wp:author_login><![CDATA[mantrabrain_demo]]></wp:author_login><wp:author_email><![CDATA[mantrabrain@gmail.com]]></wp:author_email><wp:author_display_name><![CDATA[mbdemo]]></wp:author_display_name><wp:author_first_name><![CDATA[]]></wp:author_first_name><wp:author_last_name><![CDATA[]]></wp:author_last_name></wp:author>

		<wp:category>
		<wp:term_id>17</wp:term_id>
		<wp:category_nicename><![CDATA[business]]></wp:category_nicename>
		<wp:category_parent><![CDATA[]]></wp:category_parent>
		<wp:cat_name><![CDATA[Business]]></wp:cat_name>
	</wp:category>
		<wp:category>
		<wp:term_id>18</wp:term_id>
		<wp:category_nicename><![CDATA[technology]]></wp:category_nicename>
		<wp:category_parent><![CDATA[]]></wp:category_parent>
		<wp:cat_name><![CDATA[Technology]]></wp:cat_name>
	</wp:category>
		<wp:category>
		<wp:term_id>1</wp:term_id>
		<wp:category_nicename><![CDATA[uncategorized]]></wp:category_nicename>
		<wp:category_parent><![CDATA[]]></wp:category_parent>
		<wp:cat_name><![CDATA[Uncategorized]]></wp:cat_name>
	</wp:category>
				<wp:term>
		<wp:term_id><![CDATA[7]]></wp:term_id>
		<wp:term_taxonomy><![CDATA[product_visibility]]></wp:term_taxonomy>
		<wp:term_slug><![CDATA[exclude-from-catalog]]></wp:term_slug>
		<wp:term_parent><![CDATA[]]></wp:term_parent>
		<wp:term_name><![CDATA[exclude-from-catalog]]></wp:term_name>
	</wp:term>
		<wp:term>
		<wp:term_id><![CDATA[6]]></wp:term_id>
		<wp:term_taxonomy><![CDATA[product_visibility]]></wp:term_taxonomy>
		<wp:term_slug><![CDATA[exclude-from-search]]></wp:term_slug>
		<wp:term_parent><![CDATA[]]></wp:term_parent>
		<wp:term_name><![CDATA[exclude-from-search]]></wp:term_name>
	</wp:term>
		<wp:term>
		<wp:term_id><![CDATA[5]]></wp:term_id>
		<wp:term_taxonomy><![CDATA[product_type]]></wp:term_taxonomy>
		<wp:term_slug><![CDATA[external]]></wp:term_slug>
		<wp:term_parent><![CDATA[]]></wp:term_parent>
		<wp:term_name><![CDATA[external]]></wp:term_name>
	</wp:term>
		<wp:term>
		<wp:term_id><![CDATA[8]]></wp:term_id>
		<wp:term_taxonomy><![CDATA[product_visibility]]></wp:term_taxonomy>
		<wp:term_slug><![CDATA[featured]]></wp:term_slug>
		<wp:term_parent><![CDATA[]]></wp:term_parent>
		<wp:term_name><![CDATA[featured]]></wp:term_name>
	</wp:term>
		<wp:term>
		<wp:term_id><![CDATA[3]]></wp:term_id>
		<wp:term_taxonomy><![CDATA[product_type]]></wp:term_taxonomy>
		<wp:term_slug><![CDATA[grouped]]></wp:term_slug>
		<wp:term_parent><![CDATA[]]></wp:term_parent>
		<wp:term_name><![CDATA[grouped]]></wp:term_name>
	</wp:term>
		<wp:term>
		<wp:term_id><![CDATA[9]]></wp:term_id>
		<wp:term_taxonomy><![CDATA[product_visibility]]></wp:term_taxonomy>
		<wp:term_slug><![CDATA[outofstock]]></wp:term_slug>
		<wp:term_parent><![CDATA[]]></wp:term_parent>
		<wp:term_name><![CDATA[outofstock]]></wp:term_name>
	</wp:term>
		<wp:term>
		<wp:term_id><![CDATA[10]]></wp:term_id>
		<wp:term_taxonomy><![CDATA[product_visibility]]></wp:term_taxonomy>
		<wp:term_slug><![CDATA[rated-1]]></wp:term_slug>
		<wp:term_parent><![CDATA[]]></wp:term_parent>
		<wp:term_name><![CDATA[rated-1]]></wp:term_name>
	</wp:term>
		<wp:term>
		<wp:term_id><![CDATA[11]]></wp:term_id>
		<wp:term_taxonomy><![CDATA[product_visibility]]></wp:term_taxonomy>
		<wp:term_slug><![CDATA[rated-2]]></wp:term_slug>
		<wp:term_parent><![CDATA[]]></wp:term_parent>
		<wp:term_name><![CDATA[rated-2]]></wp:term_name>
	</wp:term>
		<wp:term>
		<wp:term_id><![CDATA[12]]></wp:term_id>
		<wp:term_taxonomy><![CDATA[product_visibility]]></wp:term_taxonomy>
		<wp:term_slug><![CDATA[rated-3]]></wp:term_slug>
		<wp:term_parent><![CDATA[]]></wp:term_parent>
		<wp:term_name><![CDATA[rated-3]]></wp:term_name>
	</wp:term>
		<wp:term>
		<wp:term_id><![CDATA[13]]></wp:term_id>
		<wp:term_taxonomy><![CDATA[product_visibility]]></wp:term_taxonomy>
		<wp:term_slug><![CDATA[rated-4]]></wp:term_slug>
		<wp:term_parent><![CDATA[]]></wp:term_parent>
		<wp:term_name><![CDATA[rated-4]]></wp:term_name>
	</wp:term>
		<wp:term>
		<wp:term_id><![CDATA[14]]></wp:term_id>
		<wp:term_taxonomy><![CDATA[product_visibility]]></wp:term_taxonomy>
		<wp:term_slug><![CDATA[rated-5]]></wp:term_slug>
		<wp:term_parent><![CDATA[]]></wp:term_parent>
		<wp:term_name><![CDATA[rated-5]]></wp:term_name>
	</wp:term>
		<wp:term>
		<wp:term_id><![CDATA[2]]></wp:term_id>
		<wp:term_taxonomy><![CDATA[product_type]]></wp:term_taxonomy>
		<wp:term_slug><![CDATA[simple]]></wp:term_slug>
		<wp:term_parent><![CDATA[]]></wp:term_parent>
		<wp:term_name><![CDATA[simple]]></wp:term_name>
	</wp:term>
		<wp:term>
		<wp:term_id><![CDATA[15]]></wp:term_id>
		<wp:term_taxonomy><![CDATA[product_cat]]></wp:term_taxonomy>
		<wp:term_slug><![CDATA[uncategorized]]></wp:term_slug>
		<wp:term_parent><![CDATA[]]></wp:term_parent>
		<wp:term_name><![CDATA[Uncategorized]]></wp:term_name>
	</wp:term>
		<wp:term>
		<wp:term_id><![CDATA[4]]></wp:term_id>
		<wp:term_taxonomy><![CDATA[product_type]]></wp:term_taxonomy>
		<wp:term_slug><![CDATA[variable]]></wp:term_slug>
		<wp:term_parent><![CDATA[]]></wp:term_parent>
		<wp:term_name><![CDATA[variable]]></wp:term_name>
	</wp:term>
			<wp:term><wp:term_id>16</wp:term_id><wp:term_taxonomy>nav_menu</wp:term_taxonomy><wp:term_slug><![CDATA[main-menu]]></wp:term_slug><wp:term_name><![CDATA[Main Menu]]></wp:term_name>
</wp:term>

	<generator>https://wordpress.org/?v=5.2.2</generator>

		<item>
		<title>Hello world!</title>
		<link>https://demo.mantrabrain.com/november-zero/2019/06/18/hello-world/</link>
		<pubDate>Tue, 18 Jun 2019 13:59:41 +0000</pubDate>
		<dc:creator><![CDATA[mantrabrain_demo]]></dc:creator>
		<guid isPermaLink="false">https://demo.mantrabrain.com/november-zero/?p=1</guid>
		<description></description>
		<content:encoded><![CDATA[Welcome to <a href="http://demo.mantrabrain.com/">MantraBrain Demo</a>. This is your first post. Edit or delete it, then start blogging!

Welcome to <a href="http://demo.mantrabrain.com/">MantraBrain Demo</a>. This is your first post. Edit or delete it, then start blogging!

Lorem ipsum dummy text is simply dummy text for internet and web. You can change this text with your original one. Lorem ipsum dummy text is simply dummy text for internet and web.

Lorem ipsum dummy text is simply dummy text for internet and web. You can change this text with your original one. Lorem ipsum dummy text is simply dummy text for internet and web.

Lorem ipsum dummy text is simply dummy text for internet and web. You can change this text with your original one. Lorem ipsum dummy text is simply dummy text for internet and web.

Lorem ipsum dummy text is simply dummy text for internet and web. You can change this text with your original one. Lorem ipsum dummy text is simply dummy text for internet and web.]]></content:encoded>
		<excerpt:encoded><![CDATA[]]></excerpt:encoded>
		<wp:post_id>1</wp:post_id>
		<wp:post_date><![CDATA[2019-06-18 13:59:41]]></wp:post_date>
		<wp:post_date_gmt><![CDATA[2019-06-18 13:59:41]]></wp:post_date_gmt>
		<wp:comment_status><![CDATA[open]]></wp:comment_status>
		<wp:ping_status><![CDATA[open]]></wp:ping_status>
		<wp:post_name><![CDATA[hello-world]]></wp:post_name>
		<wp:status><![CDATA[publish]]></wp:status>
		<wp:post_parent>0</wp:post_parent>
		<wp:menu_order>0</wp:menu_order>
		<wp:post_type><![CDATA[post]]></wp:post_type>
		<wp:post_password><![CDATA[]]></wp:post_password>
		<wp:is_sticky>0</wp:is_sticky>
										<category domain="category" nicename="business"><![CDATA[Business]]></category>
		<category domain="category" nicename="uncategorized"><![CDATA[Uncategorized]]></category>
						<wp:postmeta>
		<wp:meta_key><![CDATA[_thumbnail_id]]></wp:meta_key>
		<wp:meta_value><![CDATA[41]]></wp:meta_value>
		</wp:postmeta>
							<wp:comment>
			<wp:comment_id>1</wp:comment_id>
			<wp:comment_author><![CDATA[A WordPress Commenter]]></wp:comment_author>
			<wp:comment_author_email><![CDATA[wapuu@wordpress.example]]></wp:comment_author_email>
			<wp:comment_author_url>https://wordpress.org/</wp:comment_author_url>
			<wp:comment_author_IP><![CDATA[]]></wp:comment_author_IP>
			<wp:comment_date><![CDATA[2019-06-18 13:59:41]]></wp:comment_date>
			<wp:comment_date_gmt><![CDATA[2019-06-18 13:59:41]]></wp:comment_date_gmt>
			<wp:comment_content><![CDATA[Hi, this is a comment.
To get started with moderating, editing, and deleting comments, please visit the Comments screen in the dashboard.
Commenter avatars come from <a href="https://gravatar.com">Gravatar</a>.]]></wp:comment_content>
			<wp:comment_approved><![CDATA[1]]></wp:comment_approved>
			<wp:comment_type><![CDATA[]]></wp:comment_type>
			<wp:comment_parent>0</wp:comment_parent>
			<wp:comment_user_id>0</wp:comment_user_id>
							</wp:comment>
					</item>
					<item>
		<title>Sample Page</title>
		<link>https://demo.mantrabrain.com/november-zero/sample-page/</link>
		<pubDate>Tue, 18 Jun 2019 13:59:41 +0000</pubDate>
		<dc:creator><![CDATA[mantrabrain_demo]]></dc:creator>
		<guid isPermaLink="false">https://demo.mantrabrain.com/november-zero/?page_id=2</guid>
		<description></description>
		<content:encoded><![CDATA[<!-- wp:paragraph -->
<p>This is an example page. It's different from a blog post because it will stay in one place and will show up in your site navigation (in most themes). Most people start with an About page that introduces them to potential site visitors. It might say something like this:</p>
<!-- /wp:paragraph -->

<!-- wp:quote -->
<blockquote class="wp-block-quote"><p>Hi there! I'm a bike messenger by day, aspiring actor by night, and this is my website. I live in Los Angeles, have a great dog named Jack, and I like pi&#241;a coladas. (And gettin' caught in the rain.)</p></blockquote>
<!-- /wp:quote -->

<!-- wp:paragraph -->
<p>...or something like this:</p>
<!-- /wp:paragraph -->

<!-- wp:quote -->
<blockquote class="wp-block-quote"><p>The XYZ Doohickey Company was founded in 1971, and has been providing quality doohickeys to the public ever since. Located in Gotham City, XYZ employs over 2,000 people and does all kinds of awesome things for the Gotham community.</p></blockquote>
<!-- /wp:quote -->

<!-- wp:paragraph -->
<p>As a new WordPress user, you should go to <a href="https://demo.mantrabrain.com/november-zero/wp-admin/">your dashboard</a> to delete this page and create new pages for your content. Have fun!</p>
<!-- /wp:paragraph -->]]></content:encoded>
		<excerpt:encoded><![CDATA[]]></excerpt:encoded>
		<wp:post_id>2</wp:post_id>
		<wp:post_date><![CDATA[2019-06-18 13:59:41]]></wp:post_date>
		<wp:post_date_gmt><![CDATA[2019-06-18 13:59:41]]></wp:post_date_gmt>
		<wp:comment_status><![CDATA[closed]]></wp:comment_status>
		<wp:ping_status><![CDATA[open]]></wp:ping_status>
		<wp:post_name><![CDATA[sample-page]]></wp:post_name>
		<wp:status><![CDATA[publish]]></wp:status>
		<wp:post_parent>0</wp:post_parent>
		<wp:menu_order>0</wp:menu_order>
		<wp:post_type><![CDATA[page]]></wp:post_type>
		<wp:post_password><![CDATA[]]></wp:post_password>
		<wp:is_sticky>0</wp:is_sticky>
														<wp:postmeta>
		<wp:meta_key><![CDATA[_wp_page_template]]></wp:meta_key>
		<wp:meta_value><![CDATA[default]]></wp:meta_value>
		</wp:postmeta>
							</item>
					<item>
		<title>woocommerce-placeholder</title>
		<link>https://demo.mantrabrain.com/november-zero/woocommerce-placeholder/</link>
		<pubDate>Tue, 18 Jun 2019 13:59:47 +0000</pubDate>
		<dc:creator><![CDATA[mantrabrain_demo]]></dc:creator>
		<guid isPermaLink="false">https://demo.mantrabrain.com/november-zero/wp-content/uploads/sites/6/2019/06/woocommerce-placeholder.png</guid>
		<description></description>
		<content:encoded><![CDATA[]]></content:encoded>
		<excerpt:encoded><![CDATA[]]></excerpt:encoded>
		<wp:post_id>3</wp:post_id>
		<wp:post_date><![CDATA[2019-06-18 13:59:47]]></wp:post_date>
		<wp:post_date_gmt><![CDATA[2019-06-18 13:59:47]]></wp:post_date_gmt>
		<wp:comment_status><![CDATA[open]]></wp:comment_status>
		<wp:ping_status><![CDATA[closed]]></wp:ping_status>
		<wp:post_name><![CDATA[woocommerce-placeholder]]></wp:post_name>
		<wp:status><![CDATA[inherit]]></wp:status>
		<wp:post_parent>0</wp:post_parent>
		<wp:menu_order>0</wp:menu_order>
		<wp:post_type><![CDATA[attachment]]></wp:post_type>
		<wp:post_password><![CDATA[]]></wp:post_password>
		<wp:is_sticky>0</wp:is_sticky>
						<wp:attachment_url><![CDATA[https://demo.mantrabrain.com/november-zero/wp-content/uploads/sites/6/woocommerce-placeholder.png]]></wp:attachment_url>
											<wp:postmeta>
		<wp:meta_key><![CDATA[_wp_attached_file]]></wp:meta_key>
		<wp:meta_value><![CDATA[woocommerce-placeholder.png]]></wp:meta_value>
		</wp:postmeta>
							<wp:postmeta>
		<wp:meta_key><![CDATA[_wp_attachment_metadata]]></wp:meta_key>
		<wp:meta_value><![CDATA[a:5:{s:5:"width";i:1200;s:6:"height";i:1200;s:4:"file";s:27:"woocommerce-placeholder.png";s:5:"sizes";a:4:{s:9:"thumbnail";a:4:{s:4:"file";s:35:"woocommerce-placeholder-150x150.png";s:5:"width";i:150;s:6:"height";i:150;s:9:"mime-type";s:9:"image/png";}s:6:"medium";a:4:{s:4:"file";s:35:"woocommerce-placeholder-300x300.png";s:5:"width";i:300;s:6:"height";i:300;s:9:"mime-type";s:9:"image/png";}s:12:"medium_large";a:4:{s:4:"file";s:35:"woocommerce-placeholder-768x768.png";s:5:"width";i:768;s:6:"height";i:768;s:9:"mime-type";s:9:"image/png";}s:5:"large";a:4:{s:4:"file";s:37:"woocommerce-placeholder-1024x1024.png";s:5:"width";i:1024;s:6:"height";i:1024;s:9:"mime-type";s:9:"image/png";}}s:10:"image_meta";a:12:{s:8:"aperture";s:1:"0";s:6:"credit";s:0:"";s:6:"camera";s:0:"";s:7:"caption";s:0:"";s:17:"created_timestamp";s:1:"0";s:9:"copyright";s:0:"";s:12:"focal_length";s:1:"0";s:3:"iso";s:1:"0";s:13:"shutter_speed";s:1:"0";s:5:"title";s:0:"";s:11:"orientation";s:1:"0";s:8:"keywords";a:0:{}}}]]></wp:meta_value>
		</wp:postmeta>
							</item>
					<item>
		<title>About Us</title>
		<link>https://demo.mantrabrain.com/november-zero/about-us/</link>
		<pubDate>Tue, 18 Jun 2019 16:47:22 +0000</pubDate>
		<dc:creator><![CDATA[mantrabrain_demo]]></dc:creator>
		<guid isPermaLink="false">https://demo.mantrabrain.com/november-zero/?page_id=9</guid>
		<description></description>
		<content:encoded><![CDATA[<!-- wp:paragraph -->
<p>We are professional WordPress developer team. We love WordPress and wants to make more awesome products on WordPress. We have started journey since 1st January 2019 as Mantra Brain Technology but before that we were working for various of different multinational companies related WordPress, PHP and other different web/software and mobile application development technology. We assure we are started journey to make best things for you.<br></p>
<!-- /wp:paragraph -->]]></content:encoded>
		<excerpt:encoded><![CDATA[]]></excerpt:encoded>
		<wp:post_id>9</wp:post_id>
		<wp:post_date><![CDATA[2019-06-18 16:47:22]]></wp:post_date>
		<wp:post_date_gmt><![CDATA[2019-06-18 16:47:22]]></wp:post_date_gmt>
		<wp:comment_status><![CDATA[closed]]></wp:comment_status>
		<wp:ping_status><![CDATA[closed]]></wp:ping_status>
		<wp:post_name><![CDATA[about-us]]></wp:post_name>
		<wp:status><![CDATA[publish]]></wp:status>
		<wp:post_parent>0</wp:post_parent>
		<wp:menu_order>0</wp:menu_order>
		<wp:post_type><![CDATA[page]]></wp:post_type>
		<wp:post_password><![CDATA[]]></wp:post_password>
		<wp:is_sticky>0</wp:is_sticky>
														</item>
					<item>
		<title>Contact Us</title>
		<link>https://demo.mantrabrain.com/november-zero/contact-us/</link>
		<pubDate>Tue, 18 Jun 2019 16:47:34 +0000</pubDate>
		<dc:creator><![CDATA[mantrabrain_demo]]></dc:creator>
		<guid isPermaLink="false">https://demo.mantrabrain.com/november-zero/?page_id=11</guid>
		<description></description>
		<content:encoded><![CDATA[<!-- wp:paragraph -->
<p></p>
<!-- /wp:paragraph -->

<!-- wp:paragraph -->
<p> Lorem ipsum dummy text is simply dummy text for internet and web. You can change this text with your original one.   Lorem ipsum dummy text is simply dummy text for internet and web.   </p>
<!-- /wp:paragraph -->

<!-- wp:paragraph -->
<p> Lorem ipsum dummy text is simply dummy text for internet and web. You can change this text with your original one.   Lorem ipsum dummy text is simply dummy text for internet and web.   </p>
<!-- /wp:paragraph -->

<!-- wp:paragraph -->
<p> Lorem ipsum dummy text is simply dummy text for internet and web. You can change this text with your original one.   Lorem ipsum dummy text is simply dummy text for internet and web.   </p>
<!-- /wp:paragraph -->

<!-- wp:paragraph -->
<p>

Lorem ipsum dummy text is simply dummy text for internet and web. You can change this text with your original one.   Lorem ipsum dummy text is simply dummy text for internet and web.  

</p>
<!-- /wp:paragraph -->]]></content:encoded>
		<excerpt:encoded><![CDATA[]]></excerpt:encoded>
		<wp:post_id>11</wp:post_id>
		<wp:post_date><![CDATA[2019-06-18 16:47:34]]></wp:post_date>
		<wp:post_date_gmt><![CDATA[2019-06-18 16:47:34]]></wp:post_date_gmt>
		<wp:comment_status><![CDATA[closed]]></wp:comment_status>
		<wp:ping_status><![CDATA[closed]]></wp:ping_status>
		<wp:post_name><![CDATA[contact-us]]></wp:post_name>
		<wp:status><![CDATA[publish]]></wp:status>
		<wp:post_parent>0</wp:post_parent>
		<wp:menu_order>0</wp:menu_order>
		<wp:post_type><![CDATA[page]]></wp:post_type>
		<wp:post_password><![CDATA[]]></wp:post_password>
		<wp:is_sticky>0</wp:is_sticky>
														</item>
					<item>
		<title>Home</title>
		<link>https://demo.mantrabrain.com/november-zero/2019/06/18/home/</link>
		<pubDate>Tue, 18 Jun 2019 16:48:13 +0000</pubDate>
		<dc:creator><![CDATA[mantrabrain_demo]]></dc:creator>
		<guid isPermaLink="false">https://demo.mantrabrain.com/november-zero/?p=14</guid>
		<description></description>
		<content:encoded><![CDATA[]]></content:encoded>
		<excerpt:encoded><![CDATA[]]></excerpt:encoded>
		<wp:post_id>14</wp:post_id>
		<wp:post_date><![CDATA[2019-06-18 16:48:13]]></wp:post_date>
		<wp:post_date_gmt><![CDATA[2019-06-18 16:48:13]]></wp:post_date_gmt>
		<wp:comment_status><![CDATA[closed]]></wp:comment_status>
		<wp:ping_status><![CDATA[closed]]></wp:ping_status>
		<wp:post_name><![CDATA[home]]></wp:post_name>
		<wp:status><![CDATA[publish]]></wp:status>
		<wp:post_parent>0</wp:post_parent>
		<wp:menu_order>1</wp:menu_order>
		<wp:post_type><![CDATA[nav_menu_item]]></wp:post_type>
		<wp:post_password><![CDATA[]]></wp:post_password>
		<wp:is_sticky>0</wp:is_sticky>
										<category domain="nav_menu" nicename="main-menu"><![CDATA[Main Menu]]></category>
						<wp:postmeta>
		<wp:meta_key><![CDATA[_menu_item_type]]></wp:meta_key>
		<wp:meta_value><![CDATA[custom]]></wp:meta_value>
		</wp:postmeta>
							<wp:postmeta>
		<wp:meta_key><![CDATA[_menu_item_menu_item_parent]]></wp:meta_key>
		<wp:meta_value><![CDATA[0]]></wp:meta_value>
		</wp:postmeta>
							<wp:postmeta>
		<wp:meta_key><![CDATA[_menu_item_object_id]]></wp:meta_key>
		<wp:meta_value><![CDATA[14]]></wp:meta_value>
		</wp:postmeta>
							<wp:postmeta>
		<wp:meta_key><![CDATA[_menu_item_object]]></wp:meta_key>
		<wp:meta_value><![CDATA[custom]]></wp:meta_value>
		</wp:postmeta>
							<wp:postmeta>
		<wp:meta_key><![CDATA[_menu_item_target]]></wp:meta_key>
		<wp:meta_value><![CDATA[]]></wp:meta_value>
		</wp:postmeta>
							<wp:postmeta>
		<wp:meta_key><![CDATA[_menu_item_classes]]></wp:meta_key>
		<wp:meta_value><![CDATA[a:1:{i:0;s:0:"";}]]></wp:meta_value>
		</wp:postmeta>
							<wp:postmeta>
		<wp:meta_key><![CDATA[_menu_item_xfn]]></wp:meta_key>
		<wp:meta_value><![CDATA[]]></wp:meta_value>
		</wp:postmeta>
							<wp:postmeta>
		<wp:meta_key><![CDATA[_menu_item_url]]></wp:meta_key>
		<wp:meta_value><![CDATA[https://demo.mantrabrain.com/november-zero/]]></wp:meta_value>
		</wp:postmeta>
							</item>
					<item>
		<title></title>
		<link>https://demo.mantrabrain.com/november-zero/2019/06/18/15/</link>
		<pubDate>Tue, 18 Jun 2019 16:48:13 +0000</pubDate>
		<dc:creator><![CDATA[mantrabrain_demo]]></dc:creator>
		<guid isPermaLink="false">https://demo.mantrabrain.com/november-zero/?p=15</guid>
		<description></description>
		<content:encoded><![CDATA[ ]]></content:encoded>
		<excerpt:encoded><![CDATA[]]></excerpt:encoded>
		<wp:post_id>15</wp:post_id>
		<wp:post_date><![CDATA[2019-06-18 16:48:13]]></wp:post_date>
		<wp:post_date_gmt><![CDATA[2019-06-18 16:48:13]]></wp:post_date_gmt>
		<wp:comment_status><![CDATA[closed]]></wp:comment_status>
		<wp:ping_status><![CDATA[closed]]></wp:ping_status>
		<wp:post_name><![CDATA[15]]></wp:post_name>
		<wp:status><![CDATA[publish]]></wp:status>
		<wp:post_parent>0</wp:post_parent>
		<wp:menu_order>2</wp:menu_order>
		<wp:post_type><![CDATA[nav_menu_item]]></wp:post_type>
		<wp:post_password><![CDATA[]]></wp:post_password>
		<wp:is_sticky>0</wp:is_sticky>
										<category domain="nav_menu" nicename="main-menu"><![CDATA[Main Menu]]></category>
						<wp:postmeta>
		<wp:meta_key><![CDATA[_menu_item_type]]></wp:meta_key>
		<wp:meta_value><![CDATA[post_type]]></wp:meta_value>
		</wp:postmeta>
							<wp:postmeta>
		<wp:meta_key><![CDATA[_menu_item_menu_item_parent]]></wp:meta_key>
		<wp:meta_value><![CDATA[0]]></wp:meta_value>
		</wp:postmeta>
							<wp:postmeta>
		<wp:meta_key><![CDATA[_menu_item_object_id]]></wp:meta_key>
		<wp:meta_value><![CDATA[9]]></wp:meta_value>
		</wp:postmeta>
							<wp:postmeta>
		<wp:meta_key><![CDATA[_menu_item_object]]></wp:meta_key>
		<wp:meta_value><![CDATA[page]]></wp:meta_value>
		</wp:postmeta>
							<wp:postmeta>
		<wp:meta_key><![CDATA[_menu_item_target]]></wp:meta_key>
		<wp:meta_value><![CDATA[]]></wp:meta_value>
		</wp:postmeta>
							<wp:postmeta>
		<wp:meta_key><![CDATA[_menu_item_classes]]></wp:meta_key>
		<wp:meta_value><![CDATA[a:1:{i:0;s:0:"";}]]></wp:meta_value>
		</wp:postmeta>
							<wp:postmeta>
		<wp:meta_key><![CDATA[_menu_item_xfn]]></wp:meta_key>
		<wp:meta_value><![CDATA[]]></wp:meta_value>
		</wp:postmeta>
							<wp:postmeta>
		<wp:meta_key><![CDATA[_menu_item_url]]></wp:meta_key>
		<wp:meta_value><![CDATA[]]></wp:meta_value>
		</wp:postmeta>
							</item>
					<item>
		<title></title>
		<link>https://demo.mantrabrain.com/november-zero/2019/06/18/16/</link>
		<pubDate>Tue, 18 Jun 2019 16:48:13 +0000</pubDate>
		<dc:creator><![CDATA[mantrabrain_demo]]></dc:creator>
		<guid isPermaLink="false">https://demo.mantrabrain.com/november-zero/?p=16</guid>
		<description></description>
		<content:encoded><![CDATA[ ]]></content:encoded>
		<excerpt:encoded><![CDATA[]]></excerpt:encoded>
		<wp:post_id>16</wp:post_id>
		<wp:post_date><![CDATA[2019-06-18 16:48:13]]></wp:post_date>
		<wp:post_date_gmt><![CDATA[2019-06-18 16:48:13]]></wp:post_date_gmt>
		<wp:comment_status><![CDATA[closed]]></wp:comment_status>
		<wp:ping_status><![CDATA[closed]]></wp:ping_status>
		<wp:post_name><![CDATA[16]]></wp:post_name>
		<wp:status><![CDATA[publish]]></wp:status>
		<wp:post_parent>0</wp:post_parent>
		<wp:menu_order>3</wp:menu_order>
		<wp:post_type><![CDATA[nav_menu_item]]></wp:post_type>
		<wp:post_password><![CDATA[]]></wp:post_password>
		<wp:is_sticky>0</wp:is_sticky>
										<category domain="nav_menu" nicename="main-menu"><![CDATA[Main Menu]]></category>
						<wp:postmeta>
		<wp:meta_key><![CDATA[_menu_item_type]]></wp:meta_key>
		<wp:meta_value><![CDATA[post_type]]></wp:meta_value>
		</wp:postmeta>
							<wp:postmeta>
		<wp:meta_key><![CDATA[_menu_item_menu_item_parent]]></wp:meta_key>
		<wp:meta_value><![CDATA[0]]></wp:meta_value>
		</wp:postmeta>
							<wp:postmeta>
		<wp:meta_key><![CDATA[_menu_item_object_id]]></wp:meta_key>
		<wp:meta_value><![CDATA[11]]></wp:meta_value>
		</wp:postmeta>
							<wp:postmeta>
		<wp:meta_key><![CDATA[_menu_item_object]]></wp:meta_key>
		<wp:meta_value><![CDATA[page]]></wp:meta_value>
		</wp:postmeta>
							<wp:postmeta>
		<wp:meta_key><![CDATA[_menu_item_target]]></wp:meta_key>
		<wp:meta_value><![CDATA[]]></wp:meta_value>
		</wp:postmeta>
							<wp:postmeta>
		<wp:meta_key><![CDATA[_menu_item_classes]]></wp:meta_key>
		<wp:meta_value><![CDATA[a:1:{i:0;s:0:"";}]]></wp:meta_value>
		</wp:postmeta>
							<wp:postmeta>
		<wp:meta_key><![CDATA[_menu_item_xfn]]></wp:meta_key>
		<wp:meta_value><![CDATA[]]></wp:meta_value>
		</wp:postmeta>
							<wp:postmeta>
		<wp:meta_key><![CDATA[_menu_item_url]]></wp:meta_key>
		<wp:meta_value><![CDATA[]]></wp:meta_value>
		</wp:postmeta>
							</item>
					<item>
		<title></title>
		<link>https://demo.mantrabrain.com/november-zero/2019/06/18/17/</link>
		<pubDate>Tue, 18 Jun 2019 16:48:13 +0000</pubDate>
		<dc:creator><![CDATA[mantrabrain_demo]]></dc:creator>
		<guid isPermaLink="false">https://demo.mantrabrain.com/november-zero/?p=17</guid>
		<description></description>
		<content:encoded><![CDATA[ ]]></content:encoded>
		<excerpt:encoded><![CDATA[]]></excerpt:encoded>
		<wp:post_id>17</wp:post_id>
		<wp:post_date><![CDATA[2019-06-18 16:48:13]]></wp:post_date>
		<wp:post_date_gmt><![CDATA[2019-06-18 16:48:13]]></wp:post_date_gmt>
		<wp:comment_status><![CDATA[closed]]></wp:comment_status>
		<wp:ping_status><![CDATA[closed]]></wp:ping_status>
		<wp:post_name><![CDATA[17]]></wp:post_name>
		<wp:status><![CDATA[publish]]></wp:status>
		<wp:post_parent>0</wp:post_parent>
		<wp:menu_order>4</wp:menu_order>
		<wp:post_type><![CDATA[nav_menu_item]]></wp:post_type>
		<wp:post_password><![CDATA[]]></wp:post_password>
		<wp:is_sticky>0</wp:is_sticky>
										<category domain="nav_menu" nicename="main-menu"><![CDATA[Main Menu]]></category>
						<wp:postmeta>
		<wp:meta_key><![CDATA[_menu_item_type]]></wp:meta_key>
		<wp:meta_value><![CDATA[post_type]]></wp:meta_value>
		</wp:postmeta>
							<wp:postmeta>
		<wp:meta_key><![CDATA[_menu_item_menu_item_parent]]></wp:meta_key>
		<wp:meta_value><![CDATA[0]]></wp:meta_value>
		</wp:postmeta>
							<wp:postmeta>
		<wp:meta_key><![CDATA[_menu_item_object_id]]></wp:meta_key>
		<wp:meta_value><![CDATA[2]]></wp:meta_value>
		</wp:postmeta>
							<wp:postmeta>
		<wp:meta_key><![CDATA[_menu_item_object]]></wp:meta_key>
		<wp:meta_value><![CDATA[page]]></wp:meta_value>
		</wp:postmeta>
							<wp:postmeta>
		<wp:meta_key><![CDATA[_menu_item_target]]></wp:meta_key>
		<wp:meta_value><![CDATA[]]></wp:meta_value>
		</wp:postmeta>
							<wp:postmeta>
		<wp:meta_key><![CDATA[_menu_item_classes]]></wp:meta_key>
		<wp:meta_value><![CDATA[a:1:{i:0;s:0:"";}]]></wp:meta_value>
		</wp:postmeta>
							<wp:postmeta>
		<wp:meta_key><![CDATA[_menu_item_xfn]]></wp:meta_key>
		<wp:meta_value><![CDATA[]]></wp:meta_value>
		</wp:postmeta>
							<wp:postmeta>
		<wp:meta_key><![CDATA[_menu_item_url]]></wp:meta_key>
		<wp:meta_value><![CDATA[]]></wp:meta_value>
		</wp:postmeta>
							</item>
					<item>
		<title>interface-3614766_1280</title>
		<link>https://demo.mantrabrain.com/november-zero/interface-3614766_1280/</link>
		<pubDate>Wed, 19 Jun 2019 03:41:30 +0000</pubDate>
		<dc:creator><![CDATA[mantrabrain_demo]]></dc:creator>
		<guid isPermaLink="false">https://demo.mantrabrain.com/november-zero/wp-content/uploads/sites/6/2019/06/interface-3614766_1280.png</guid>
		<description></description>
		<content:encoded><![CDATA[]]></content:encoded>
		<excerpt:encoded><![CDATA[]]></excerpt:encoded>
		<wp:post_id>41</wp:post_id>
		<wp:post_date><![CDATA[2019-06-19 03:41:30]]></wp:post_date>
		<wp:post_date_gmt><![CDATA[2019-06-19 03:41:30]]></wp:post_date_gmt>
		<wp:comment_status><![CDATA[open]]></wp:comment_status>
		<wp:ping_status><![CDATA[closed]]></wp:ping_status>
		<wp:post_name><![CDATA[interface-3614766_1280]]></wp:post_name>
		<wp:status><![CDATA[inherit]]></wp:status>
		<wp:post_parent>0</wp:post_parent>
		<wp:menu_order>0</wp:menu_order>
		<wp:post_type><![CDATA[attachment]]></wp:post_type>
		<wp:post_password><![CDATA[]]></wp:post_password>
		<wp:is_sticky>0</wp:is_sticky>
						<wp:attachment_url><![CDATA[https://demo.mantrabrain.com/november-zero/wp-content/uploads/sites/6/2019/06/interface-3614766_1280.png]]></wp:attachment_url>
											<wp:postmeta>
		<wp:meta_key><![CDATA[_wp_attached_file]]></wp:meta_key>
		<wp:meta_value><![CDATA[2019/06/interface-3614766_1280.png]]></wp:meta_value>
		</wp:postmeta>
							<wp:postmeta>
		<wp:meta_key><![CDATA[_wp_attachment_metadata]]></wp:meta_key>
		<wp:meta_value><![CDATA[a:5:{s:5:"width";i:1280;s:6:"height";i:854;s:4:"file";s:34:"2019/06/interface-3614766_1280.png";s:5:"sizes";a:12:{s:9:"thumbnail";a:4:{s:4:"file";s:34:"interface-3614766_1280-150x150.png";s:5:"width";i:150;s:6:"height";i:150;s:9:"mime-type";s:9:"image/png";}s:6:"medium";a:4:{s:4:"file";s:34:"interface-3614766_1280-300x200.png";s:5:"width";i:300;s:6:"height";i:200;s:9:"mime-type";s:9:"image/png";}s:12:"medium_large";a:4:{s:4:"file";s:34:"interface-3614766_1280-768x512.png";s:5:"width";i:768;s:6:"height";i:512;s:9:"mime-type";s:9:"image/png";}s:5:"large";a:4:{s:4:"file";s:35:"interface-3614766_1280-1024x683.png";s:5:"width";i:1024;s:6:"height";i:683;s:9:"mime-type";s:9:"image/png";}s:18:"november-zero-blog";a:4:{s:4:"file";s:34:"interface-3614766_1280-700x460.png";s:5:"width";i:700;s:6:"height";i:460;s:9:"mime-type";s:9:"image/png";}s:24:"november-zero-front-blog";a:4:{s:4:"file";s:34:"interface-3614766_1280-360x240.png";s:5:"width";i:360;s:6:"height";i:240;s:9:"mime-type";s:9:"image/png";}s:21:"woocommerce_thumbnail";a:5:{s:4:"file";s:34:"interface-3614766_1280-300x300.png";s:5:"width";i:300;s:6:"height";i:300;s:9:"mime-type";s:9:"image/png";s:9:"uncropped";b:0;}s:18:"woocommerce_single";a:4:{s:4:"file";s:34:"interface-3614766_1280-600x400.png";s:5:"width";i:600;s:6:"height";i:400;s:9:"mime-type";s:9:"image/png";}s:29:"woocommerce_gallery_thumbnail";a:4:{s:4:"file";s:34:"interface-3614766_1280-100x100.png";s:5:"width";i:100;s:6:"height";i:100;s:9:"mime-type";s:9:"image/png";}s:12:"shop_catalog";a:4:{s:4:"file";s:34:"interface-3614766_1280-300x300.png";s:5:"width";i:300;s:6:"height";i:300;s:9:"mime-type";s:9:"image/png";}s:11:"shop_single";a:4:{s:4:"file";s:34:"interface-3614766_1280-600x400.png";s:5:"width";i:600;s:6:"height";i:400;s:9:"mime-type";s:9:"image/png";}s:14:"shop_thumbnail";a:4:{s:4:"file";s:34:"interface-3614766_1280-100x100.png";s:5:"width";i:100;s:6:"height";i:100;s:9:"mime-type";s:9:"image/png";}}s:10:"image_meta";a:12:{s:8:"aperture";s:1:"0";s:6:"credit";s:0:"";s:6:"camera";s:0:"";s:7:"caption";s:0:"";s:17:"created_timestamp";s:1:"0";s:9:"copyright";s:0:"";s:12:"focal_length";s:1:"0";s:3:"iso";s:1:"0";s:13:"shutter_speed";s:1:"0";s:5:"title";s:0:"";s:11:"orientation";s:1:"0";s:8:"keywords";a:0:{}}}]]></wp:meta_value>
		</wp:postmeta>
							</item>
					<item>
		<title>Libra - new currency</title>
		<link>https://demo.mantrabrain.com/november-zero/2019/06/19/libra-facebook-new-currency/</link>
		<pubDate>Wed, 19 Jun 2019 03:48:06 +0000</pubDate>
		<dc:creator><![CDATA[mantrabrain_demo]]></dc:creator>
		<guid isPermaLink="false">https://demo.mantrabrain.com/november-zero/?p=48</guid>
		<description></description>
		<content:encoded><![CDATA[<!-- wp:paragraph -->
<p>Lorem ipsum dummy text is simply dummy text for internet and web. You can change this text with your original one.   Lorem ipsum dummy text is simply dummy text for internet and web.  </p>
<!-- /wp:paragraph -->

<!-- wp:paragraph -->
<p> Lorem ipsum dummy text is simply dummy text for internet and web. You can change this text with your original one.   Lorem ipsum dummy text is simply dummy text for internet and web.   </p>
<!-- /wp:paragraph -->

<!-- wp:paragraph -->
<p>

Lorem ipsum dummy text is simply dummy text for internet and web. You can change this text with your original one.   Lorem ipsum dummy text is simply dummy text for internet and web.  

</p>
<!-- /wp:paragraph -->

<!-- wp:paragraph -->
<p> Lorem ipsum dummy text is simply dummy text for internet and web. You can change this text with your original one.   Lorem ipsum dummy text is simply dummy text for internet and web.   </p>
<!-- /wp:paragraph -->

<!-- wp:paragraph -->
<p>

Lorem ipsum dummy text is simply dummy text for internet and web. You can change this text with your original one.   Lorem ipsum dummy text is simply dummy text for internet and web.  

</p>
<!-- /wp:paragraph -->

<!-- wp:paragraph -->
<p></p>
<!-- /wp:paragraph -->]]></content:encoded>
		<excerpt:encoded><![CDATA[]]></excerpt:encoded>
		<wp:post_id>48</wp:post_id>
		<wp:post_date><![CDATA[2019-06-19 03:48:06]]></wp:post_date>
		<wp:post_date_gmt><![CDATA[2019-06-19 03:48:06]]></wp:post_date_gmt>
		<wp:comment_status><![CDATA[open]]></wp:comment_status>
		<wp:ping_status><![CDATA[open]]></wp:ping_status>
		<wp:post_name><![CDATA[libra-facebook-new-currency]]></wp:post_name>
		<wp:status><![CDATA[publish]]></wp:status>
		<wp:post_parent>0</wp:post_parent>
		<wp:menu_order>0</wp:menu_order>
		<wp:post_type><![CDATA[post]]></wp:post_type>
		<wp:post_password><![CDATA[]]></wp:post_password>
		<wp:is_sticky>0</wp:is_sticky>
										<category domain="category" nicename="technology"><![CDATA[Technology]]></category>
						<wp:postmeta>
		<wp:meta_key><![CDATA[_thumbnail_id]]></wp:meta_key>
		<wp:meta_value><![CDATA[49]]></wp:meta_value>
		</wp:postmeta>
							</item>
					<item>
		<title>robot-3010309_960_720[1]</title>
		<link>https://demo.mantrabrain.com/november-zero/2019/06/19/libra-facebook-new-currency/robot-3010309_960_7201/</link>
		<pubDate>Wed, 19 Jun 2019 03:47:58 +0000</pubDate>
		<dc:creator><![CDATA[mantrabrain_demo]]></dc:creator>
		<guid isPermaLink="false">https://demo.mantrabrain.com/november-zero/wp-content/uploads/sites/6/2019/06/robot-3010309_960_7201.jpg</guid>
		<description></description>
		<content:encoded><![CDATA[]]></content:encoded>
		<excerpt:encoded><![CDATA[]]></excerpt:encoded>
		<wp:post_id>49</wp:post_id>
		<wp:post_date><![CDATA[2019-06-19 03:47:58]]></wp:post_date>
		<wp:post_date_gmt><![CDATA[2019-06-19 03:47:58]]></wp:post_date_gmt>
		<wp:comment_status><![CDATA[open]]></wp:comment_status>
		<wp:ping_status><![CDATA[closed]]></wp:ping_status>
		<wp:post_name><![CDATA[robot-3010309_960_7201]]></wp:post_name>
		<wp:status><![CDATA[inherit]]></wp:status>
		<wp:post_parent>48</wp:post_parent>
		<wp:menu_order>0</wp:menu_order>
		<wp:post_type><![CDATA[attachment]]></wp:post_type>
		<wp:post_password><![CDATA[]]></wp:post_password>
		<wp:is_sticky>0</wp:is_sticky>
						<wp:attachment_url><![CDATA[https://demo.mantrabrain.com/november-zero/wp-content/uploads/sites/6/2019/06/robot-3010309_960_7201.jpg]]></wp:attachment_url>
											<wp:postmeta>
		<wp:meta_key><![CDATA[_wp_attached_file]]></wp:meta_key>
		<wp:meta_value><![CDATA[2019/06/robot-3010309_960_7201.jpg]]></wp:meta_value>
		</wp:postmeta>
							<wp:postmeta>
		<wp:meta_key><![CDATA[_wp_attachment_metadata]]></wp:meta_key>
		<wp:meta_value><![CDATA[a:5:{s:5:"width";i:960;s:6:"height";i:640;s:4:"file";s:34:"2019/06/robot-3010309_960_7201.jpg";s:5:"sizes";a:11:{s:9:"thumbnail";a:4:{s:4:"file";s:34:"robot-3010309_960_7201-150x150.jpg";s:5:"width";i:150;s:6:"height";i:150;s:9:"mime-type";s:10:"image/jpeg";}s:6:"medium";a:4:{s:4:"file";s:34:"robot-3010309_960_7201-300x200.jpg";s:5:"width";i:300;s:6:"height";i:200;s:9:"mime-type";s:10:"image/jpeg";}s:12:"medium_large";a:4:{s:4:"file";s:34:"robot-3010309_960_7201-768x512.jpg";s:5:"width";i:768;s:6:"height";i:512;s:9:"mime-type";s:10:"image/jpeg";}s:18:"november-zero-blog";a:4:{s:4:"file";s:34:"robot-3010309_960_7201-700x460.jpg";s:5:"width";i:700;s:6:"height";i:460;s:9:"mime-type";s:10:"image/jpeg";}s:24:"november-zero-front-blog";a:4:{s:4:"file";s:34:"robot-3010309_960_7201-360x240.jpg";s:5:"width";i:360;s:6:"height";i:240;s:9:"mime-type";s:10:"image/jpeg";}s:21:"woocommerce_thumbnail";a:5:{s:4:"file";s:34:"robot-3010309_960_7201-300x300.jpg";s:5:"width";i:300;s:6:"height";i:300;s:9:"mime-type";s:10:"image/jpeg";s:9:"uncropped";b:0;}s:18:"woocommerce_single";a:4:{s:4:"file";s:34:"robot-3010309_960_7201-600x400.jpg";s:5:"width";i:600;s:6:"height";i:400;s:9:"mime-type";s:10:"image/jpeg";}s:29:"woocommerce_gallery_thumbnail";a:4:{s:4:"file";s:34:"robot-3010309_960_7201-100x100.jpg";s:5:"width";i:100;s:6:"height";i:100;s:9:"mime-type";s:10:"image/jpeg";}s:12:"shop_catalog";a:4:{s:4:"file";s:34:"robot-3010309_960_7201-300x300.jpg";s:5:"width";i:300;s:6:"height";i:300;s:9:"mime-type";s:10:"image/jpeg";}s:11:"shop_single";a:4:{s:4:"file";s:34:"robot-3010309_960_7201-600x400.jpg";s:5:"width";i:600;s:6:"height";i:400;s:9:"mime-type";s:10:"image/jpeg";}s:14:"shop_thumbnail";a:4:{s:4:"file";s:34:"robot-3010309_960_7201-100x100.jpg";s:5:"width";i:100;s:6:"height";i:100;s:9:"mime-type";s:10:"image/jpeg";}}s:10:"image_meta";a:12:{s:8:"aperture";s:1:"0";s:6:"credit";s:0:"";s:6:"camera";s:0:"";s:7:"caption";s:0:"";s:17:"created_timestamp";s:1:"0";s:9:"copyright";s:0:"";s:12:"focal_length";s:1:"0";s:3:"iso";s:1:"0";s:13:"shutter_speed";s:1:"0";s:5:"title";s:0:"";s:11:"orientation";s:1:"0";s:8:"keywords";a:0:{}}}]]></wp:meta_value>
		</wp:postmeta>
							</item>
					<item>
		<title>Modern Business</title>
		<link>https://demo.mantrabrain.com/november-zero/2019/06/19/modern-business/</link>
		<pubDate>Wed, 19 Jun 2019 03:49:31 +0000</pubDate>
		<dc:creator><![CDATA[mantrabrain_demo]]></dc:creator>
		<guid isPermaLink="false">https://demo.mantrabrain.com/november-zero/?p=51</guid>
		<description></description>
		<content:encoded><![CDATA[<!-- wp:paragraph -->
<p> Lorem ipsum dummy text is simply dummy text for internet and web. You can change this text with your original one. Lorem ipsum dummy text is simply dummy text for internet and web.</p>
<!-- /wp:paragraph -->

<!-- wp:paragraph -->
<p>

Lorem ipsum dummy text is simply dummy text for internet and web. You can change this text with your original one.   Lorem ipsum dummy text is simply dummy text for internet and web.  

</p>
<!-- /wp:paragraph -->

<!-- wp:paragraph -->
<p> Lorem ipsum dummy text is simply dummy text for internet and web. You can change this text with your original one.   Lorem ipsum dummy text is simply dummy text for internet and web.   </p>
<!-- /wp:paragraph -->

<!-- wp:paragraph -->
<p> Lorem ipsum dummy text is simply dummy text for internet and web. You can change this text with your original one.   Lorem ipsum dummy text is simply dummy text for internet and web.   </p>
<!-- /wp:paragraph -->

<!-- wp:paragraph -->
<p>

Lorem ipsum dummy text is simply dummy text for internet and web. You can change this text with your original one.   Lorem ipsum dummy text is simply dummy text for internet and web.  

</p>
<!-- /wp:paragraph -->]]></content:encoded>
		<excerpt:encoded><![CDATA[]]></excerpt:encoded>
		<wp:post_id>51</wp:post_id>
		<wp:post_date><![CDATA[2019-06-19 03:49:31]]></wp:post_date>
		<wp:post_date_gmt><![CDATA[2019-06-19 03:49:31]]></wp:post_date_gmt>
		<wp:comment_status><![CDATA[open]]></wp:comment_status>
		<wp:ping_status><![CDATA[open]]></wp:ping_status>
		<wp:post_name><![CDATA[modern-business]]></wp:post_name>
		<wp:status><![CDATA[publish]]></wp:status>
		<wp:post_parent>0</wp:post_parent>
		<wp:menu_order>0</wp:menu_order>
		<wp:post_type><![CDATA[post]]></wp:post_type>
		<wp:post_password><![CDATA[]]></wp:post_password>
		<wp:is_sticky>0</wp:is_sticky>
										<category domain="category" nicename="business"><![CDATA[Business]]></category>
						<wp:postmeta>
		<wp:meta_key><![CDATA[_thumbnail_id]]></wp:meta_key>
		<wp:meta_value><![CDATA[52]]></wp:meta_value>
		</wp:postmeta>
							</item>
					<item>
		<title>home-office-336373_960_720[1]</title>
		<link>https://demo.mantrabrain.com/november-zero/2019/06/19/modern-business/home-office-336373_960_7201/</link>
		<pubDate>Wed, 19 Jun 2019 03:49:16 +0000</pubDate>
		<dc:creator><![CDATA[mantrabrain_demo]]></dc:creator>
		<guid isPermaLink="false">https://demo.mantrabrain.com/november-zero/wp-content/uploads/sites/6/2019/06/home-office-336373_960_7201.jpg</guid>
		<description></description>
		<content:encoded><![CDATA[]]></content:encoded>
		<excerpt:encoded><![CDATA[]]></excerpt:encoded>
		<wp:post_id>52</wp:post_id>
		<wp:post_date><![CDATA[2019-06-19 03:49:16]]></wp:post_date>
		<wp:post_date_gmt><![CDATA[2019-06-19 03:49:16]]></wp:post_date_gmt>
		<wp:comment_status><![CDATA[open]]></wp:comment_status>
		<wp:ping_status><![CDATA[closed]]></wp:ping_status>
		<wp:post_name><![CDATA[home-office-336373_960_7201]]></wp:post_name>
		<wp:status><![CDATA[inherit]]></wp:status>
		<wp:post_parent>51</wp:post_parent>
		<wp:menu_order>0</wp:menu_order>
		<wp:post_type><![CDATA[attachment]]></wp:post_type>
		<wp:post_password><![CDATA[]]></wp:post_password>
		<wp:is_sticky>0</wp:is_sticky>
						<wp:attachment_url><![CDATA[https://demo.mantrabrain.com/november-zero/wp-content/uploads/sites/6/2019/06/home-office-336373_960_7201.jpg]]></wp:attachment_url>
											<wp:postmeta>
		<wp:meta_key><![CDATA[_wp_attached_file]]></wp:meta_key>
		<wp:meta_value><![CDATA[2019/06/home-office-336373_960_7201.jpg]]></wp:meta_value>
		</wp:postmeta>
							<wp:postmeta>
		<wp:meta_key><![CDATA[_wp_attachment_metadata]]></wp:meta_key>
		<wp:meta_value><![CDATA[a:5:{s:5:"width";i:960;s:6:"height";i:640;s:4:"file";s:39:"2019/06/home-office-336373_960_7201.jpg";s:5:"sizes";a:11:{s:9:"thumbnail";a:4:{s:4:"file";s:39:"home-office-336373_960_7201-150x150.jpg";s:5:"width";i:150;s:6:"height";i:150;s:9:"mime-type";s:10:"image/jpeg";}s:6:"medium";a:4:{s:4:"file";s:39:"home-office-336373_960_7201-300x200.jpg";s:5:"width";i:300;s:6:"height";i:200;s:9:"mime-type";s:10:"image/jpeg";}s:12:"medium_large";a:4:{s:4:"file";s:39:"home-office-336373_960_7201-768x512.jpg";s:5:"width";i:768;s:6:"height";i:512;s:9:"mime-type";s:10:"image/jpeg";}s:18:"november-zero-blog";a:4:{s:4:"file";s:39:"home-office-336373_960_7201-700x460.jpg";s:5:"width";i:700;s:6:"height";i:460;s:9:"mime-type";s:10:"image/jpeg";}s:24:"november-zero-front-blog";a:4:{s:4:"file";s:39:"home-office-336373_960_7201-360x240.jpg";s:5:"width";i:360;s:6:"height";i:240;s:9:"mime-type";s:10:"image/jpeg";}s:21:"woocommerce_thumbnail";a:5:{s:4:"file";s:39:"home-office-336373_960_7201-300x300.jpg";s:5:"width";i:300;s:6:"height";i:300;s:9:"mime-type";s:10:"image/jpeg";s:9:"uncropped";b:0;}s:18:"woocommerce_single";a:4:{s:4:"file";s:39:"home-office-336373_960_7201-600x400.jpg";s:5:"width";i:600;s:6:"height";i:400;s:9:"mime-type";s:10:"image/jpeg";}s:29:"woocommerce_gallery_thumbnail";a:4:{s:4:"file";s:39:"home-office-336373_960_7201-100x100.jpg";s:5:"width";i:100;s:6:"height";i:100;s:9:"mime-type";s:10:"image/jpeg";}s:12:"shop_catalog";a:4:{s:4:"file";s:39:"home-office-336373_960_7201-300x300.jpg";s:5:"width";i:300;s:6:"height";i:300;s:9:"mime-type";s:10:"image/jpeg";}s:11:"shop_single";a:4:{s:4:"file";s:39:"home-office-336373_960_7201-600x400.jpg";s:5:"width";i:600;s:6:"height";i:400;s:9:"mime-type";s:10:"image/jpeg";}s:14:"shop_thumbnail";a:4:{s:4:"file";s:39:"home-office-336373_960_7201-100x100.jpg";s:5:"width";i:100;s:6:"height";i:100;s:9:"mime-type";s:10:"image/jpeg";}}s:10:"image_meta";a:12:{s:8:"aperture";s:1:"0";s:6:"credit";s:0:"";s:6:"camera";s:0:"";s:7:"caption";s:0:"";s:17:"created_timestamp";s:1:"0";s:9:"copyright";s:0:"";s:12:"focal_length";s:1:"0";s:3:"iso";s:1:"0";s:13:"shutter_speed";s:1:"0";s:5:"title";s:0:"";s:11:"orientation";s:1:"0";s:8:"keywords";a:0:{}}}]]></wp:meta_value>
		</wp:postmeta>
							</item>
					<item>
		<title>Contact Form</title>
		<link>https://demo.mantrabrain.com/november-zero/contact-form/</link>
		<pubDate>Wed, 19 Jun 2019 03:57:48 +0000</pubDate>
		<dc:creator><![CDATA[mantrabrain_demo]]></dc:creator>
		<guid isPermaLink="false">https://demo.mantrabrain.com/november-zero/?page_id=63</guid>
		<description></description>
		<content:encoded><![CDATA[<!-- wp:shortcode -->
[contact-form-7 id="65" title="Contact form 1"]
<!-- /wp:shortcode -->]]></content:encoded>
		<excerpt:encoded><![CDATA[]]></excerpt:encoded>
		<wp:post_id>63</wp:post_id>
		<wp:post_date><![CDATA[2019-06-19 03:57:48]]></wp:post_date>
		<wp:post_date_gmt><![CDATA[2019-06-19 03:57:48]]></wp:post_date_gmt>
		<wp:comment_status><![CDATA[closed]]></wp:comment_status>
		<wp:ping_status><![CDATA[closed]]></wp:ping_status>
		<wp:post_name><![CDATA[contact-form]]></wp:post_name>
		<wp:status><![CDATA[publish]]></wp:status>
		<wp:post_parent>0</wp:post_parent>
		<wp:menu_order>0</wp:menu_order>
		<wp:post_type><![CDATA[page]]></wp:post_type>
		<wp:post_password><![CDATA[]]></wp:post_password>
		<wp:is_sticky>0</wp:is_sticky>
														</item>
					<item>
		<title>Contact form 1</title>
		<link>https://demo.mantrabrain.com/november-zero/?post_type=wpcf7_contact_form&#038;p=65</link>
		<pubDate>Wed, 19 Jun 2019 03:58:31 +0000</pubDate>
		<dc:creator><![CDATA[mantrabrain_demo]]></dc:creator>
		<guid isPermaLink="false">https://demo.mantrabrain.com/november-zero/?post_type=wpcf7_contact_form&#038;p=65</guid>
		<description></description>
		<content:encoded><![CDATA[<label> Your Name (required)
    [text* your-name] </label>

<label> Your Email (required)
    [email* your-email] </label>

<label> Subject
    [text your-subject] </label>

<label> Your Message
    [textarea your-message] </label>

[submit "Send"]
November Zero "[your-subject]"
November Zero <wordpress@demo.mantrabrain.com>
From: [your-name] <[your-email]>
Subject: [your-subject]

Message Body:
[your-message]

-- 
This e-mail was sent from a contact form on November Zero (https://demo.mantrabrain.com/november-zero)
mantrabrain@gmail.com
Reply-To: [your-email]

0
0

November Zero "[your-subject]"
November Zero <wordpress@demo.mantrabrain.com>
Message Body:
[your-message]

-- 
This e-mail was sent from a contact form on November Zero (https://demo.mantrabrain.com/november-zero)
[your-email]
Reply-To: mantrabrain@gmail.com

0
0
Thank you for your message. It has been sent.
There was an error trying to send your message. Please try again later.
One or more fields have an error. Please check and try again.
There was an error trying to send your message. Please try again later.
You must accept the terms and conditions before sending your message.
The field is required.
The field is too long.
The field is too short.]]></content:encoded>
		<excerpt:encoded><![CDATA[]]></excerpt:encoded>
		<wp:post_id>65</wp:post_id>
		<wp:post_date><![CDATA[2019-06-19 03:58:31]]></wp:post_date>
		<wp:post_date_gmt><![CDATA[2019-06-19 03:58:31]]></wp:post_date_gmt>
		<wp:comment_status><![CDATA[closed]]></wp:comment_status>
		<wp:ping_status><![CDATA[closed]]></wp:ping_status>
		<wp:post_name><![CDATA[contact-form-1]]></wp:post_name>
		<wp:status><![CDATA[publish]]></wp:status>
		<wp:post_parent>0</wp:post_parent>
		<wp:menu_order>0</wp:menu_order>
		<wp:post_type><![CDATA[wpcf7_contact_form]]></wp:post_type>
		<wp:post_password><![CDATA[]]></wp:post_password>
		<wp:is_sticky>0</wp:is_sticky>
														<wp:postmeta>
		<wp:meta_key><![CDATA[_form]]></wp:meta_key>
		<wp:meta_value><![CDATA[<label> Your Name (required)
    [text* your-name] </label>

<label> Your Email (required)
    [email* your-email] </label>

<label> Subject
    [text your-subject] </label>

<label> Your Message
    [textarea your-message] </label>

[submit "Send"]]]></wp:meta_value>
		</wp:postmeta>
							<wp:postmeta>
		<wp:meta_key><![CDATA[_mail]]></wp:meta_key>
		<wp:meta_value><![CDATA[a:8:{s:7:"subject";s:30:"November Zero "[your-subject]"";s:6:"sender";s:46:"November Zero <wordpress@demo.mantrabrain.com>";s:4:"body";s:194:"From: [your-name] <[your-email]>
Subject: [your-subject]

Message Body:
[your-message]

-- 
This e-mail was sent from a contact form on November Zero (https://demo.mantrabrain.com/november-zero)";s:9:"recipient";s:21:"mantrabrain@gmail.com";s:18:"additional_headers";s:22:"Reply-To: [your-email]";s:11:"attachments";s:0:"";s:8:"use_html";i:0;s:13:"exclude_blank";i:0;}]]></wp:meta_value>
		</wp:postmeta>
							<wp:postmeta>
		<wp:meta_key><![CDATA[_mail_2]]></wp:meta_key>
		<wp:meta_value><![CDATA[a:9:{s:6:"active";b:0;s:7:"subject";s:30:"November Zero "[your-subject]"";s:6:"sender";s:46:"November Zero <wordpress@demo.mantrabrain.com>";s:4:"body";s:136:"Message Body:
[your-message]

-- 
This e-mail was sent from a contact form on November Zero (https://demo.mantrabrain.com/november-zero)";s:9:"recipient";s:12:"[your-email]";s:18:"additional_headers";s:31:"Reply-To: mantrabrain@gmail.com";s:11:"attachments";s:0:"";s:8:"use_html";i:0;s:13:"exclude_blank";i:0;}]]></wp:meta_value>
		</wp:postmeta>
							<wp:postmeta>
		<wp:meta_key><![CDATA[_messages]]></wp:meta_key>
		<wp:meta_value><![CDATA[a:8:{s:12:"mail_sent_ok";s:45:"Thank you for your message. It has been sent.";s:12:"mail_sent_ng";s:71:"There was an error trying to send your message. Please try again later.";s:16:"validation_error";s:61:"One or more fields have an error. Please check and try again.";s:4:"spam";s:71:"There was an error trying to send your message. Please try again later.";s:12:"accept_terms";s:69:"You must accept the terms and conditions before sending your message.";s:16:"invalid_required";s:22:"The field is required.";s:16:"invalid_too_long";s:22:"The field is too long.";s:17:"invalid_too_short";s:23:"The field is too short.";}]]></wp:meta_value>
		</wp:postmeta>
							<wp:postmeta>
		<wp:meta_key><![CDATA[_additional_settings]]></wp:meta_key>
		<wp:meta_value><![CDATA[]]></wp:meta_value>
		</wp:postmeta>
							<wp:postmeta>
		<wp:meta_key><![CDATA[_locale]]></wp:meta_key>
		<wp:meta_value><![CDATA[en_US]]></wp:meta_value>
		</wp:postmeta>
							</item>
					<item>
		<title>Home Page</title>
		<link>https://demo.mantrabrain.com/november-zero/</link>
		<pubDate>Wed, 19 Jun 2019 03:59:48 +0000</pubDate>
		<dc:creator><![CDATA[mantrabrain_demo]]></dc:creator>
		<guid isPermaLink="false">https://demo.mantrabrain.com/november-zero/?page_id=68</guid>
		<description></description>
		<content:encoded><![CDATA[]]></content:encoded>
		<excerpt:encoded><![CDATA[]]></excerpt:encoded>
		<wp:post_id>68</wp:post_id>
		<wp:post_date><![CDATA[2019-06-19 03:59:48]]></wp:post_date>
		<wp:post_date_gmt><![CDATA[2019-06-19 03:59:48]]></wp:post_date_gmt>
		<wp:comment_status><![CDATA[closed]]></wp:comment_status>
		<wp:ping_status><![CDATA[closed]]></wp:ping_status>
		<wp:post_name><![CDATA[home-page]]></wp:post_name>
		<wp:status><![CDATA[publish]]></wp:status>
		<wp:post_parent>0</wp:post_parent>
		<wp:menu_order>0</wp:menu_order>
		<wp:post_type><![CDATA[page]]></wp:post_type>
		<wp:post_password><![CDATA[]]></wp:post_password>
		<wp:is_sticky>0</wp:is_sticky>
														</item>
					<item>
		<title>Blog</title>
		<link>https://demo.mantrabrain.com/november-zero/blog/</link>
		<pubDate>Wed, 19 Jun 2019 04:00:01 +0000</pubDate>
		<dc:creator><![CDATA[mantrabrain_demo]]></dc:creator>
		<guid isPermaLink="false">https://demo.mantrabrain.com/november-zero/?page_id=70</guid>
		<description></description>
		<content:encoded><![CDATA[]]></content:encoded>
		<excerpt:encoded><![CDATA[]]></excerpt:encoded>
		<wp:post_id>70</wp:post_id>
		<wp:post_date><![CDATA[2019-06-19 04:00:01]]></wp:post_date>
		<wp:post_date_gmt><![CDATA[2019-06-19 04:00:01]]></wp:post_date_gmt>
		<wp:comment_status><![CDATA[closed]]></wp:comment_status>
		<wp:ping_status><![CDATA[closed]]></wp:ping_status>
		<wp:post_name><![CDATA[blog]]></wp:post_name>
		<wp:status><![CDATA[publish]]></wp:status>
		<wp:post_parent>0</wp:post_parent>
		<wp:menu_order>0</wp:menu_order>
		<wp:post_type><![CDATA[page]]></wp:post_type>
		<wp:post_password><![CDATA[]]></wp:post_password>
		<wp:is_sticky>0</wp:is_sticky>
														</item>
					<item>
		<title></title>
		<link>https://demo.mantrabrain.com/november-zero/2019/06/19/73/</link>
		<pubDate>Wed, 19 Jun 2019 04:05:09 +0000</pubDate>
		<dc:creator><![CDATA[mantrabrain_demo]]></dc:creator>
		<guid isPermaLink="false">https://demo.mantrabrain.com/november-zero/?p=73</guid>
		<description></description>
		<content:encoded><![CDATA[ ]]></content:encoded>
		<excerpt:encoded><![CDATA[]]></excerpt:encoded>
		<wp:post_id>73</wp:post_id>
		<wp:post_date><![CDATA[2019-06-19 04:05:09]]></wp:post_date>
		<wp:post_date_gmt><![CDATA[2019-06-19 04:05:09]]></wp:post_date_gmt>
		<wp:comment_status><![CDATA[closed]]></wp:comment_status>
		<wp:ping_status><![CDATA[closed]]></wp:ping_status>
		<wp:post_name><![CDATA[73]]></wp:post_name>
		<wp:status><![CDATA[publish]]></wp:status>
		<wp:post_parent>0</wp:post_parent>
		<wp:menu_order>5</wp:menu_order>
		<wp:post_type><![CDATA[nav_menu_item]]></wp:post_type>
		<wp:post_password><![CDATA[]]></wp:post_password>
		<wp:is_sticky>0</wp:is_sticky>
										<category domain="nav_menu" nicename="main-menu"><![CDATA[Main Menu]]></category>
						<wp:postmeta>
		<wp:meta_key><![CDATA[_menu_item_type]]></wp:meta_key>
		<wp:meta_value><![CDATA[post_type]]></wp:meta_value>
		</wp:postmeta>
							<wp:postmeta>
		<wp:meta_key><![CDATA[_menu_item_menu_item_parent]]></wp:meta_key>
		<wp:meta_value><![CDATA[0]]></wp:meta_value>
		</wp:postmeta>
							<wp:postmeta>
		<wp:meta_key><![CDATA[_menu_item_object_id]]></wp:meta_key>
		<wp:meta_value><![CDATA[70]]></wp:meta_value>
		</wp:postmeta>
							<wp:postmeta>
		<wp:meta_key><![CDATA[_menu_item_object]]></wp:meta_key>
		<wp:meta_value><![CDATA[page]]></wp:meta_value>
		</wp:postmeta>
							<wp:postmeta>
		<wp:meta_key><![CDATA[_menu_item_target]]></wp:meta_key>
		<wp:meta_value><![CDATA[]]></wp:meta_value>
		</wp:postmeta>
							<wp:postmeta>
		<wp:meta_key><![CDATA[_menu_item_classes]]></wp:meta_key>
		<wp:meta_value><![CDATA[a:1:{i:0;s:0:"";}]]></wp:meta_value>
		</wp:postmeta>
							<wp:postmeta>
		<wp:meta_key><![CDATA[_menu_item_xfn]]></wp:meta_key>
		<wp:meta_value><![CDATA[]]></wp:meta_value>
		</wp:postmeta>
							<wp:postmeta>
		<wp:meta_key><![CDATA[_menu_item_url]]></wp:meta_key>
		<wp:meta_value><![CDATA[]]></wp:meta_value>
		</wp:postmeta>
							</item>
				</channel>
</rss>
	