<?xml version="1.0" encoding="UTF-8" ?>
<!-- This is a WordPress eXtended RSS file generated by WordPress as an export of your site. -->
<!-- It contains information about your site's posts, pages, comments, categories, and other content. -->
<!-- You may use this file to transfer that content from one site to another. -->
<!-- This file is not intended to serve as a complete backup of your site. -->

<!-- To import this information into a WordPress site follow these steps: -->
<!-- 1. Log in to that site as an administrator. -->
<!-- 2. Go to Tools: Import in the WordPress admin panel. -->
<!-- 3. Install the "WordPress" importer from the list. -->
<!-- 4. Activate & Run Importer. -->
<!-- 5. Upload this file using the form provided on that page. -->
<!-- 6. You will first be asked to map the authors in this export file to users -->
<!--    on the site. For each author, you may choose to map to an -->
<!--    existing user on the site or to create a new user. -->
<!-- 7. WordPress will then import each of the posts, pages, comments, categories, etc. -->
<!--    contained in this file into your site. -->

<!-- generator="WordPress/5.0.3" created="2019-02-03 12:12" -->
<rss version="2.0"
	xmlns:excerpt="http://wordpress.org/export/1.2/excerpt/"
	xmlns:content="http://purl.org/rss/1.0/modules/content/"
	xmlns:wfw="http://wellformedweb.org/CommentAPI/"
	xmlns:dc="http://purl.org/dc/elements/1.1/"
	xmlns:wp="http://wordpress.org/export/1.2/"
>

<channel>
	<title>Mantra News</title>
	<link>https://demo.mantrabrain.com/mantranews-default</link>
	<description>Free WordPress Magazine Theme</description>
	<pubDate>Sun, 03 Feb 2019 12:12:08 +0000</pubDate>
	<language>en-US</language>
	<wp:wxr_version>1.2</wp:wxr_version>
	<wp:base_site_url>http://demo.mantrabrain.com/</wp:base_site_url>
	<wp:base_blog_url>https://demo.mantrabrain.com/mantranews-default</wp:base_blog_url>

	<wp:author><wp:author_id>1</wp:author_id><wp:author_login><![CDATA[mantrabrain_demo]]></wp:author_login><wp:author_email><![CDATA[mantrabrain@gmail.com]]></wp:author_email><wp:author_display_name><![CDATA[mantrabrain_demo]]></wp:author_display_name><wp:author_first_name><![CDATA[]]></wp:author_first_name><wp:author_last_name><![CDATA[]]></wp:author_last_name></wp:author>

	<wp:category>
		<wp:term_id>5</wp:term_id>
		<wp:category_nicename><![CDATA[fashion]]></wp:category_nicename>
		<wp:category_parent><![CDATA[]]></wp:category_parent>
		<wp:cat_name><![CDATA[Fashion]]></wp:cat_name>
	</wp:category>
	<wp:category>
		<wp:term_id>4</wp:term_id>
		<wp:category_nicename><![CDATA[international]]></wp:category_nicename>
		<wp:category_parent><![CDATA[]]></wp:category_parent>
		<wp:cat_name><![CDATA[International]]></wp:cat_name>
	</wp:category>
	<wp:category>
		<wp:term_id>3</wp:term_id>
		<wp:category_nicename><![CDATA[national]]></wp:category_nicename>
		<wp:category_parent><![CDATA[]]></wp:category_parent>
		<wp:cat_name><![CDATA[National]]></wp:cat_name>
	</wp:category>
	<wp:category>
		<wp:term_id>2</wp:term_id>
		<wp:category_nicename><![CDATA[politics]]></wp:category_nicename>
		<wp:category_parent><![CDATA[]]></wp:category_parent>
		<wp:cat_name><![CDATA[Politics]]></wp:cat_name>
	</wp:category>
	<wp:category>
		<wp:term_id>1</wp:term_id>
		<wp:category_nicename><![CDATA[sports]]></wp:category_nicename>
		<wp:category_parent><![CDATA[]]></wp:category_parent>
		<wp:cat_name><![CDATA[Sports]]></wp:cat_name>
	</wp:category>
	<wp:term><wp:term_id>6</wp:term_id><wp:term_taxonomy>nav_menu</wp:term_taxonomy><wp:term_slug><![CDATA[main-menu]]></wp:term_slug><wp:term_name><![CDATA[Main Menu]]></wp:term_name>
</wp:term>

	<generator>https://wordpress.org/?v=5.0.3</generator>

	<item>
		<title>Price of open market LPG refills slashed</title>
		<link>https://demo.mantrabrain.com/mantranews-default/2019/01/01/price-of-open-market-lpg-refills-slashed/</link>
		<pubDate>Tue, 01 Jan 2019 07:42:21 +0000</pubDate>
		<dc:creator><![CDATA[mantrabrain_demo]]></dc:creator>
		<guid isPermaLink="false">https://demo.mantrabrain.com/mantranews-default/?p=1</guid>
		<description></description>
		<content:encoded><![CDATA[In what comes as a New Year’s gift, the government on Monday slashed non-subsidised LPG price by ₹120.5 per cylinder.

“The price of non-subsidised LPG at Delhi will decrease by ₹120.50 per cylinder w.e.f. January 1, 2019, due to fall in price of LPG in international market and strengthening of U.S. dollar-rupee exchange rate,” the Indian Oil Corporation said in a statement.

Consumers will now pay ₹689 per unsubsidised cylinder, down from ₹809.5.
<h2>Subsidy-led cut</h2>
“As domestic LPG prices are subsidised, the effective price to consumer will reduce by ₹5.91/cylinder (from ₹500.90 in December 2018 to ₹494.99 for January 2019),” the IOC said.

In what comes as a New Year’s gift, the government on Monday slashed non-subsidised LPG price by ₹120.5 per cylinder.

“The price of non-subsidised LPG at Delhi will decrease by ₹120.50 per cylinder w.e.f. January 1, 2019, due to fall in price of LPG in international market and strengthening of U.S. dollar-rupee exchange rate,” the Indian Oil Corporation said in a statement.

Consumers will now pay ₹689 per unsubsidised cylinder, down from ₹809.5.
<h2>Subsidy-led cut</h2>
“As domestic LPG prices are subsidised, the effective price to consumer will reduce by ₹5.91/cylinder (from ₹500.90 in December 2018 to ₹494.99 for January 2019),” the IOC said

In what comes as a New Year’s gift, the government on Monday slashed non-subsidised LPG price by ₹120.5 per cylinder.

“The price of non-subsidised LPG at Delhi will decrease by ₹120.50 per cylinder w.e.f. January 1, 2019, due to fall in price of LPG in international market and strengthening of U.S. dollar-rupee exchange rate,” the Indian Oil Corporation said in a statement.

Consumers will now pay ₹689 per unsubsidised cylinder, down from ₹809.5.
<h2>Subsidy-led cut</h2>
“As domestic LPG prices are subsidised, the effective price to consumer will reduce by ₹5.91/cylinder (from ₹500.90 in December 2018 to ₹494.99 for January 2019),” the IOC said

In what comes as a New Year’s gift, the government on Monday slashed non-subsidised LPG price by ₹120.5 per cylinder.

“The price of non-subsidised LPG at Delhi will decrease by ₹120.50 per cylinder w.e.f. January 1, 2019, due to fall in price of LPG in international market and strengthening of U.S. dollar-rupee exchange rate,” the Indian Oil Corporation said in a statement.

Consumers will now pay ₹689 per unsubsidised cylinder, down from ₹809.5.
<h2>Subsidy-led cut</h2>
“As domestic LPG prices are subsidised, the effective price to consumer will reduce by ₹5.91/cylinder (from ₹500.90 in December 2018 to ₹494.99 for January 2019),” the IOC said]]></content:encoded>
		<excerpt:encoded><![CDATA[]]></excerpt:encoded>
		<wp:post_id>1</wp:post_id>
		<wp:post_date><![CDATA[2019-01-01 07:42:21]]></wp:post_date>
		<wp:post_date_gmt><![CDATA[2019-01-01 07:42:21]]></wp:post_date_gmt>
		<wp:comment_status><![CDATA[open]]></wp:comment_status>
		<wp:ping_status><![CDATA[open]]></wp:ping_status>
		<wp:post_name><![CDATA[price-of-open-market-lpg-refills-slashed]]></wp:post_name>
		<wp:status><![CDATA[publish]]></wp:status>
		<wp:post_parent>0</wp:post_parent>
		<wp:menu_order>0</wp:menu_order>
		<wp:post_type><![CDATA[post]]></wp:post_type>
		<wp:post_password><![CDATA[]]></wp:post_password>
		<wp:is_sticky>0</wp:is_sticky>
		<category domain="category" nicename="national"><![CDATA[National]]></category>
		<wp:postmeta>
			<wp:meta_key><![CDATA[_wp_old_slug]]></wp:meta_key>
			<wp:meta_value><![CDATA[hello-world]]></wp:meta_value>
		</wp:postmeta>
		<wp:postmeta>
			<wp:meta_key><![CDATA[_edit_last]]></wp:meta_key>
			<wp:meta_value><![CDATA[1]]></wp:meta_value>
		</wp:postmeta>
		<wp:postmeta>
			<wp:meta_key><![CDATA[mantranews_sidebar_location]]></wp:meta_key>
			<wp:meta_value><![CDATA[default_sidebar]]></wp:meta_value>
		</wp:postmeta>
		<wp:postmeta>
			<wp:meta_key><![CDATA[_thumbnail_id]]></wp:meta_key>
			<wp:meta_value><![CDATA[6]]></wp:meta_value>
		</wp:postmeta>
		<wp:comment>
			<wp:comment_id>1</wp:comment_id>
			<wp:comment_author><![CDATA[A WordPress Commenter]]></wp:comment_author>
			<wp:comment_author_email><![CDATA[wapuu@wordpress.example]]></wp:comment_author_email>
			<wp:comment_author_url>http://demo.mantrabrain.com/</wp:comment_author_url>
			<wp:comment_author_IP><![CDATA[]]></wp:comment_author_IP>
			<wp:comment_date><![CDATA[2019-01-01 07:42:21]]></wp:comment_date>
			<wp:comment_date_gmt><![CDATA[2019-01-01 07:42:21]]></wp:comment_date_gmt>
			<wp:comment_content><![CDATA[Hi, this is a comment.
To get started with moderating, editing, and deleting comments, please visit the Comments screen in the dashboard.
Commenter avatars come from <a href="https://gravatar.com">Gravatar</a>.]]></wp:comment_content>
			<wp:comment_approved><![CDATA[1]]></wp:comment_approved>
			<wp:comment_type><![CDATA[]]></wp:comment_type>
			<wp:comment_parent>0</wp:comment_parent>
			<wp:comment_user_id>0</wp:comment_user_id>
		</wp:comment>
	</item>
	<item>
		<title>Sample Page</title>
		<link>https://demo.mantrabrain.com/mantranews-default/sample-page/</link>
		<pubDate>Tue, 01 Jan 2019 07:42:21 +0000</pubDate>
		<dc:creator><![CDATA[mantrabrain_demo]]></dc:creator>
		<guid isPermaLink="false">https://demo.mantrabrain.com/mantranews-default/?page_id=2</guid>
		<description></description>
		<content:encoded><![CDATA[<!-- wp:paragraph -->
<p>This is an example page. It's different from a blog post because it will stay in one place and will show up in your site navigation (in most themes). Most people start with an About page that introduces them to potential site visitors. It might say something like this:</p>
<!-- /wp:paragraph -->

<!-- wp:quote -->
<blockquote class="wp-block-quote"><p>Hi there! I'm a bike messenger by day, aspiring actor by night, and this is my website. I live in Los Angeles, have a great dog named Jack, and I like pi&#241;a coladas. (And gettin' caught in the rain.)</p></blockquote>
<!-- /wp:quote -->

<!-- wp:paragraph -->
<p>...or something like this:</p>
<!-- /wp:paragraph -->

<!-- wp:quote -->
<blockquote class="wp-block-quote"><p>The XYZ Doohickey Company was founded in 1971, and has been providing quality doohickeys to the public ever since. Located in Gotham City, XYZ employs over 2,000 people and does all kinds of awesome things for the Gotham community.</p></blockquote>
<!-- /wp:quote -->

<!-- wp:paragraph -->
<p>As a new WordPress user, you should go to <a href="https://demo.mantrabrain.com/mantranews-default/wp-admin/">your dashboard</a> to delete this page and create new pages for your content. Have fun!</p>
<!-- /wp:paragraph -->]]></content:encoded>
		<excerpt:encoded><![CDATA[]]></excerpt:encoded>
		<wp:post_id>2</wp:post_id>
		<wp:post_date><![CDATA[2019-01-01 07:42:21]]></wp:post_date>
		<wp:post_date_gmt><![CDATA[2019-01-01 07:42:21]]></wp:post_date_gmt>
		<wp:comment_status><![CDATA[closed]]></wp:comment_status>
		<wp:ping_status><![CDATA[open]]></wp:ping_status>
		<wp:post_name><![CDATA[sample-page]]></wp:post_name>
		<wp:status><![CDATA[publish]]></wp:status>
		<wp:post_parent>0</wp:post_parent>
		<wp:menu_order>0</wp:menu_order>
		<wp:post_type><![CDATA[page]]></wp:post_type>
		<wp:post_password><![CDATA[]]></wp:post_password>
		<wp:is_sticky>0</wp:is_sticky>
		<wp:postmeta>
			<wp:meta_key><![CDATA[_wp_page_template]]></wp:meta_key>
			<wp:meta_value><![CDATA[default]]></wp:meta_value>
		</wp:postmeta>
	</item>
	<item>
		<title>women-1209678_1920</title>
		<link>https://demo.mantrabrain.com/mantranews-default/2019/01/01/price-of-open-market-lpg-refills-slashed/women-1209678_1920/</link>
		<pubDate>Tue, 01 Jan 2019 16:46:33 +0000</pubDate>
		<dc:creator><![CDATA[mantrabrain_demo]]></dc:creator>
		<guid isPermaLink="false">https://demo.mantrabrain.com/mantranews-default/wp-content/uploads/sites/3/2019/01/women-1209678_1920.jpg</guid>
		<description></description>
		<content:encoded><![CDATA[]]></content:encoded>
		<excerpt:encoded><![CDATA[]]></excerpt:encoded>
		<wp:post_id>6</wp:post_id>
		<wp:post_date><![CDATA[2019-01-01 16:46:33]]></wp:post_date>
		<wp:post_date_gmt><![CDATA[2019-01-01 16:46:33]]></wp:post_date_gmt>
		<wp:comment_status><![CDATA[open]]></wp:comment_status>
		<wp:ping_status><![CDATA[closed]]></wp:ping_status>
		<wp:post_name><![CDATA[women-1209678_1920]]></wp:post_name>
		<wp:status><![CDATA[inherit]]></wp:status>
		<wp:post_parent>1</wp:post_parent>
		<wp:menu_order>0</wp:menu_order>
		<wp:post_type><![CDATA[attachment]]></wp:post_type>
		<wp:post_password><![CDATA[]]></wp:post_password>
		<wp:is_sticky>0</wp:is_sticky>
		<wp:attachment_url><![CDATA[https://demo.mantrabrain.com/mantranews-default/wp-content/uploads/sites/3/2019/01/women-1209678_1920.jpg]]></wp:attachment_url>
		<wp:postmeta>
			<wp:meta_key><![CDATA[_wp_attached_file]]></wp:meta_key>
			<wp:meta_value><![CDATA[2019/01/women-1209678_1920.jpg]]></wp:meta_value>
		</wp:postmeta>
		<wp:postmeta>
			<wp:meta_key><![CDATA[_wp_attachment_metadata]]></wp:meta_key>
			<wp:meta_value><![CDATA[a:5:{s:5:"width";i:1920;s:6:"height";i:1280;s:4:"file";s:30:"2019/01/women-1209678_1920.jpg";s:5:"sizes";a:11:{s:9:"thumbnail";a:4:{s:4:"file";s:30:"women-1209678_1920-150x150.jpg";s:5:"width";i:150;s:6:"height";i:150;s:9:"mime-type";s:10:"image/jpeg";}s:6:"medium";a:4:{s:4:"file";s:30:"women-1209678_1920-300x200.jpg";s:5:"width";i:300;s:6:"height";i:200;s:9:"mime-type";s:10:"image/jpeg";}s:12:"medium_large";a:4:{s:4:"file";s:30:"women-1209678_1920-768x512.jpg";s:5:"width";i:768;s:6:"height";i:512;s:9:"mime-type";s:10:"image/jpeg";}s:5:"large";a:4:{s:4:"file";s:31:"women-1209678_1920-1024x683.jpg";s:5:"width";i:1024;s:6:"height";i:683;s:9:"mime-type";s:10:"image/jpeg";}s:23:"mantranews-slider-large";a:4:{s:4:"file";s:31:"women-1209678_1920-1020x741.jpg";s:5:"width";i:1020;s:6:"height";i:741;s:9:"mime-type";s:10:"image/jpeg";}s:26:"mantranews-featured-medium";a:4:{s:4:"file";s:30:"women-1209678_1920-420x307.jpg";s:5:"width";i:420;s:6:"height";i:307;s:9:"mime-type";s:10:"image/jpeg";}s:24:"mantranews-featured-long";a:4:{s:4:"file";s:30:"women-1209678_1920-300x443.jpg";s:5:"width";i:300;s:6:"height";i:443;s:9:"mime-type";s:10:"image/jpeg";}s:23:"mantranews-block-medium";a:4:{s:4:"file";s:30:"women-1209678_1920-464x290.jpg";s:5:"width";i:464;s:6:"height";i:290;s:9:"mime-type";s:10:"image/jpeg";}s:25:"mantranews-carousel-image";a:4:{s:4:"file";s:30:"women-1209678_1920-600x500.jpg";s:5:"width";i:600;s:6:"height";i:500;s:9:"mime-type";s:10:"image/jpeg";}s:22:"mantranews-block-thumb";a:4:{s:4:"file";s:30:"women-1209678_1920-322x230.jpg";s:5:"width";i:322;s:6:"height";i:230;s:9:"mime-type";s:10:"image/jpeg";}s:23:"mantranews-single-large";a:4:{s:4:"file";s:31:"women-1209678_1920-1210x642.jpg";s:5:"width";i:1210;s:6:"height";i:642;s:9:"mime-type";s:10:"image/jpeg";}}s:10:"image_meta";a:12:{s:8:"aperture";s:1:"0";s:6:"credit";s:0:"";s:6:"camera";s:0:"";s:7:"caption";s:0:"";s:17:"created_timestamp";s:1:"0";s:9:"copyright";s:0:"";s:12:"focal_length";s:1:"0";s:3:"iso";s:1:"0";s:13:"shutter_speed";s:1:"0";s:5:"title";s:0:"";s:11:"orientation";s:1:"0";s:8:"keywords";a:0:{}}}]]></wp:meta_value>
		</wp:postmeta>
	</item>
	<item>
		<title>House Democrats to push for more diversity in top corporate ranks</title>
		<link>https://demo.mantrabrain.com/mantranews-default/2019/01/01/house-democrats-to-push-for-more-diversity-in-top-corporate-ranks/</link>
		<pubDate>Tue, 01 Jan 2019 16:49:30 +0000</pubDate>
		<dc:creator><![CDATA[mantrabrain_demo]]></dc:creator>
		<guid isPermaLink="false">https://demo.mantrabrain.com/mantranews-default/?p=7</guid>
		<description></description>
		<content:encoded><![CDATA[<!-- wp:paragraph -->
<p>California Democrat Maxine Waters, the first woman and first African-American to chair the House Financial Services Committee, is planning to use her new power to push for more women and minorities in the top ranks of corporate America.</p>
<!-- /wp:paragraph -->

<!-- wp:paragraph -->
<p>Some firms are panicking at the prospect of new public scrutiny, according to lobbyists, who say that while companies won’t openly fight Democrats' moves to promote diversity, many are uneasy about the prospect of government getting directly involved in their hiring decisions.</p>
<!-- /wp:paragraph -->

<!-- wp:paragraph -->
<p>Lawmakers say they’re hoping to make them uncomfortable.</p>
<!-- /wp:paragraph -->

<!-- wp:paragraph -->
<p>“They have a right to be nervous,” said Rep. Emanuel Cleaver (D-Mo.), a member of the financial services panel. “They should feel the fire is getting started and will burn, at least for two years, and hopefully beyond."</p>
<!-- /wp:paragraph -->

<!-- wp:paragraph -->
<p>Lobbyists privately admit that some firms have been slow to improve and that nudging from Congress may be what’s needed to force them to act.</p>
<!-- /wp:paragraph -->

<!-- wp:paragraph -->
<p>Sign up here for POLITICO Huddle<br>
A daily play-by-play of congressional news in your inbox.</p>
<!-- /wp:paragraph -->

<!-- wp:paragraph -->
<p>Email<br>
Your email…<br>
Sign Up<br>
By signing up you agree to receive email newsletters or alerts from POLITICO. You can unsubscribe at any time.</p>
<!-- /wp:paragraph -->

<!-- wp:paragraph -->
<p>Corporations and industry groups have already sought to make inroads with lawmakers who will highlight the issue on Capitol Hill, according to lawmakers and lobbyists. Some, including Amazon and the Bank Policy Institute, have even recently hired staff from the Congressional Black Caucus to build relationships as Democrats take over.</p>
<!-- /wp:paragraph -->

<!-- wp:paragraph -->
<p>One financial industry source who previously worked for a Democratic member said: “Very, very few have been ahead of the game” when it comes to improving diversity.</p>
<!-- /wp:paragraph -->

<!-- wp:paragraph -->
<p>"Now companies are focused like a laser on identifying top African-American talent with Congressional Black Caucus relationships to help them understand and mitigate the striking lack of diversity within their corporations,” the person said.</p>
<!-- /wp:paragraph -->

<!-- wp:paragraph -->
<p>Waters has proposed creating a subcommittee focused on diversity and inclusion. Senior members of her committee are preparing to introduce bills to force companies to disclose the gender and racial makeup of their boards. That’s just one example of how Democrats taking charge of the House are expected to bring new pressure on companies from Wall Street to Silicon Valley to diversify their leadership.</p>
<!-- /wp:paragraph -->

<!-- wp:paragraph -->
<p>“Sometimes it’s the right time,” said Rep. Joyce Beatty (D-Ohio), who wants to chair the proposed financial services diversity subcommittee. “When you look at this Congress that we have, it is without a doubt the most diverse in history."</p>
<!-- /wp:paragraph -->

<!-- wp:paragraph -->
<p>Cleaver said he’s already being lobbied on the topic.</p>
<!-- /wp:paragraph -->

<!-- wp:paragraph -->
<p>"I was with some lobbyists last night telling me how their company is nervous about diversity,” he said in December. "My comment to them was, Hey, look, were you nervous a year ago, or two years ago, or are you nervous only because we're going to call you out?”</p>
<!-- /wp:paragraph -->

<!-- wp:paragraph -->
<p>Cleaver said Wells Fargo was among the firms trying to connect with him on the issue. The bank declined to comment.</p>
<!-- /wp:paragraph -->

<!-- wp:paragraph -->
<p>House Minority Leader Nancy Pelosi and Senate Minority Leader Chuck Schumer<br>
GOVERNMENT SHUTDOWN</p>
<!-- /wp:paragraph -->

<!-- wp:paragraph -->
<p>Pelosi challenges McConnell with shutdown plan<br>
By BURGESS EVERETT, SARAH FERRIS and HEATHER CAYGLE<br>
The Congressional Black Caucus has started an initiative to increase diversity in the tech industry as well, and Waters has been part of it. She and black caucus members have traveled to Silicon Valley to meet with tech executives, including the CEOs of Airbnb and Twitter.</p>
<!-- /wp:paragraph -->

<!-- wp:paragraph -->
<p>A 2017 Government Accountability Office report commissioned by Waters, Sen. Sherrod Brown (D-Ohio) and Rep. Al Green (D-Texas) found that overall representation of minorities in management positions of the financial services industry increased to 21 percent in 2015 from 17 percent in 2007 but that it decreased for African-Americans and was generally unchanged for women.</p>
<!-- /wp:paragraph -->

<!-- wp:paragraph -->
<p>Another study by Deloitte and the Alliance for Board Diversity found that in 2016 white men held 69 percent of the board seats at Fortune 500 companies. White women held 16 percent, minority men held 11 percent and minority women 4 percent.</p>
<!-- /wp:paragraph -->

<!-- wp:paragraph -->
<p>"While there have been some gains, they have been negligible at best and certainly not representative of the broad demographic changes we have seen in the United States in the same period of time,” the authors of the report said.</p>
<!-- /wp:paragraph -->

<!-- wp:paragraph -->
<p>Waters has said promoting diversity in financial services is one of the top priorities on her consumer-focused agenda. She has also warned that financial regulatory agencies are also “seriously challenged” when it comes to the issue.</p>
<!-- /wp:paragraph -->

<!-- wp:paragraph -->
<p>“Having a subcommittee that’s dedicated to making sure that financial services is representative of the United States is really important," said Rawan Elhalaby of the Greenlining Institute, a California-based advocacy group focused on racial and economic justice. "Thus far we’ve seen the industry is really missing the mark on serving communities of color, and we think that’s partly because of the misrepresentation at the top."</p>
<!-- /wp:paragraph -->

<!-- wp:paragraph -->
<p>Senior Democrats on the Financial Services Committee are preparing to introduce bills designed to push corporate America to act. Some of the proposals have already sparked opposition from conservative activists.</p>
<!-- /wp:paragraph -->

<!-- wp:paragraph -->
<p>Rep. Carolyn Maloney, a New York Democrat who will likely chair an influential subcommittee overseeing markets and the Securities and Exchange Commission, plans to reintroduce legislation that would require public companies to disclose the gender composition of their boards. The measure would also require the SEC to set up an advisory group on gender diversity.</p>
<!-- /wp:paragraph -->

<!-- wp:paragraph -->
<p>"Companies perform better when they have more diverse boards that include women," Maloney said in a statement to POLITICO.</p>
<!-- /wp:paragraph -->

<!-- wp:paragraph -->
<p>Rep. Gregory Meeks, another New York Democrat who will also likely chair a subcommittee with oversight of banks and their regulators, has legislation that would require public companies to disclose to investors the gender, race and ethnicity of their board members.</p>
<!-- /wp:paragraph -->

<!-- wp:paragraph -->
<p>It’s a concept that’s been backed by the managers of several public investment funds, who have argued that SEC disclosure requirements have failed to produce enough information needed to determine the racial and ethnic diversity of boards.</p>
<!-- /wp:paragraph -->

<!-- wp:paragraph -->
<p>Elizabeth Warren and Hillary Clinton<br>
2020</p>
<!-- /wp:paragraph -->

<!-- wp:paragraph -->
<p>Warren battles the ghosts of Hillary<br>
By NATASHA KORECKI<br>
Meeks said he has started talking to companies, and financial trade associations have begun reaching out to him.</p>
<!-- /wp:paragraph -->

<!-- wp:paragraph -->
<p>“Some [companies] acknowledge it’s good for business," Meeks said. "I’m not asking them to do anything that’s bad for business. This will help attract more folks to their institutions."</p>
<!-- /wp:paragraph -->

<!-- wp:paragraph -->
<p>To be sure, some companies, such as Bank of America, Citigroup and Wells Fargo, are ready to tout the progress they've made. Bank of America's 16-member board includes five women and three people of color. Wells Fargo's board chair is Betsy Duke, a former Federal Reserve official. Citigroup this year announced targets to increase representation of women and Africa-Americans in management roles.</p>
<!-- /wp:paragraph -->

<!-- wp:paragraph -->
<p>Paul Thornell, a senior lobbyist at Citigroup, said he expected from Congress "a mostly friendly and polite, but sometimes a little tough" nudge at industry and government to accelerate diversity efforts.</p>
<!-- /wp:paragraph -->

<!-- wp:paragraph -->
<p>"We need to look at it as an opportunity to thoughtfully and credibly engage rather than running away from it," he said.</p>
<!-- /wp:paragraph -->

<!-- wp:paragraph -->
<p>The U.S. Chamber of Commerce says it is open to some of the legislative proposals.</p>
<!-- /wp:paragraph -->

<!-- wp:paragraph -->
<p>The Chamber has already endorsed Maloney’s gender diversity bill, which the conservative Americans for Tax Reform described as "nothing more than an attempt to open the door for government involvement in the social responsibility of private enterprise."</p>
<!-- /wp:paragraph -->

<!-- wp:paragraph -->
<p>The Chamber is weighing Meeks’ proposal, as well, even as it pushes to fend off corporate disclosure requirements in other areas.</p>
<!-- /wp:paragraph -->

<!-- wp:paragraph -->
<p>“Sometimes change can be a little uncomfortable,” said Tom Quaadman, the executive vice president of the Chamber’s Center for Capital Markets Competitiveness. “But when we come out on the other side of this, the business community’s going to be stronger for it."</p>
<!-- /wp:paragraph -->]]></content:encoded>
		<excerpt:encoded><![CDATA[]]></excerpt:encoded>
		<wp:post_id>7</wp:post_id>
		<wp:post_date><![CDATA[2019-01-01 16:49:30]]></wp:post_date>
		<wp:post_date_gmt><![CDATA[2019-01-01 16:49:30]]></wp:post_date_gmt>
		<wp:comment_status><![CDATA[open]]></wp:comment_status>
		<wp:ping_status><![CDATA[open]]></wp:ping_status>
		<wp:post_name><![CDATA[house-democrats-to-push-for-more-diversity-in-top-corporate-ranks]]></wp:post_name>
		<wp:status><![CDATA[publish]]></wp:status>
		<wp:post_parent>0</wp:post_parent>
		<wp:menu_order>0</wp:menu_order>
		<wp:post_type><![CDATA[post]]></wp:post_type>
		<wp:post_password><![CDATA[]]></wp:post_password>
		<wp:is_sticky>0</wp:is_sticky>
		<category domain="category" nicename="international"><![CDATA[International]]></category>
		<category domain="category" nicename="politics"><![CDATA[Politics]]></category>
		<wp:postmeta>
			<wp:meta_key><![CDATA[_thumbnail_id]]></wp:meta_key>
			<wp:meta_value><![CDATA[8]]></wp:meta_value>
		</wp:postmeta>
		<wp:postmeta>
			<wp:meta_key><![CDATA[_edit_last]]></wp:meta_key>
			<wp:meta_value><![CDATA[1]]></wp:meta_value>
		</wp:postmeta>
		<wp:postmeta>
			<wp:meta_key><![CDATA[mantranews_sidebar_location]]></wp:meta_key>
			<wp:meta_value><![CDATA[default_sidebar]]></wp:meta_value>
		</wp:postmeta>
	</item>
	<item>
		<title>conference-2705706_1920</title>
		<link>https://demo.mantrabrain.com/mantranews-default/2019/01/01/house-democrats-to-push-for-more-diversity-in-top-corporate-ranks/conference-2705706_1920/</link>
		<pubDate>Tue, 01 Jan 2019 16:49:23 +0000</pubDate>
		<dc:creator><![CDATA[mantrabrain_demo]]></dc:creator>
		<guid isPermaLink="false">https://demo.mantrabrain.com/mantranews-default/wp-content/uploads/sites/3/2019/01/conference-2705706_1920.jpg</guid>
		<description></description>
		<content:encoded><![CDATA[]]></content:encoded>
		<excerpt:encoded><![CDATA[]]></excerpt:encoded>
		<wp:post_id>8</wp:post_id>
		<wp:post_date><![CDATA[2019-01-01 16:49:23]]></wp:post_date>
		<wp:post_date_gmt><![CDATA[2019-01-01 16:49:23]]></wp:post_date_gmt>
		<wp:comment_status><![CDATA[open]]></wp:comment_status>
		<wp:ping_status><![CDATA[closed]]></wp:ping_status>
		<wp:post_name><![CDATA[conference-2705706_1920]]></wp:post_name>
		<wp:status><![CDATA[inherit]]></wp:status>
		<wp:post_parent>7</wp:post_parent>
		<wp:menu_order>0</wp:menu_order>
		<wp:post_type><![CDATA[attachment]]></wp:post_type>
		<wp:post_password><![CDATA[]]></wp:post_password>
		<wp:is_sticky>0</wp:is_sticky>
		<wp:attachment_url><![CDATA[https://demo.mantrabrain.com/mantranews-default/wp-content/uploads/sites/3/2019/01/conference-2705706_1920.jpg]]></wp:attachment_url>
		<wp:postmeta>
			<wp:meta_key><![CDATA[_wp_attached_file]]></wp:meta_key>
			<wp:meta_value><![CDATA[2019/01/conference-2705706_1920.jpg]]></wp:meta_value>
		</wp:postmeta>
		<wp:postmeta>
			<wp:meta_key><![CDATA[_wp_attachment_metadata]]></wp:meta_key>
			<wp:meta_value><![CDATA[a:5:{s:5:"width";i:1920;s:6:"height";i:1280;s:4:"file";s:35:"2019/01/conference-2705706_1920.jpg";s:5:"sizes";a:11:{s:9:"thumbnail";a:4:{s:4:"file";s:35:"conference-2705706_1920-150x150.jpg";s:5:"width";i:150;s:6:"height";i:150;s:9:"mime-type";s:10:"image/jpeg";}s:6:"medium";a:4:{s:4:"file";s:35:"conference-2705706_1920-300x200.jpg";s:5:"width";i:300;s:6:"height";i:200;s:9:"mime-type";s:10:"image/jpeg";}s:12:"medium_large";a:4:{s:4:"file";s:35:"conference-2705706_1920-768x512.jpg";s:5:"width";i:768;s:6:"height";i:512;s:9:"mime-type";s:10:"image/jpeg";}s:5:"large";a:4:{s:4:"file";s:36:"conference-2705706_1920-1024x683.jpg";s:5:"width";i:1024;s:6:"height";i:683;s:9:"mime-type";s:10:"image/jpeg";}s:23:"mantranews-slider-large";a:4:{s:4:"file";s:36:"conference-2705706_1920-1020x741.jpg";s:5:"width";i:1020;s:6:"height";i:741;s:9:"mime-type";s:10:"image/jpeg";}s:26:"mantranews-featured-medium";a:4:{s:4:"file";s:35:"conference-2705706_1920-420x307.jpg";s:5:"width";i:420;s:6:"height";i:307;s:9:"mime-type";s:10:"image/jpeg";}s:24:"mantranews-featured-long";a:4:{s:4:"file";s:35:"conference-2705706_1920-300x443.jpg";s:5:"width";i:300;s:6:"height";i:443;s:9:"mime-type";s:10:"image/jpeg";}s:23:"mantranews-block-medium";a:4:{s:4:"file";s:35:"conference-2705706_1920-464x290.jpg";s:5:"width";i:464;s:6:"height";i:290;s:9:"mime-type";s:10:"image/jpeg";}s:25:"mantranews-carousel-image";a:4:{s:4:"file";s:35:"conference-2705706_1920-600x500.jpg";s:5:"width";i:600;s:6:"height";i:500;s:9:"mime-type";s:10:"image/jpeg";}s:22:"mantranews-block-thumb";a:4:{s:4:"file";s:35:"conference-2705706_1920-322x230.jpg";s:5:"width";i:322;s:6:"height";i:230;s:9:"mime-type";s:10:"image/jpeg";}s:23:"mantranews-single-large";a:4:{s:4:"file";s:36:"conference-2705706_1920-1210x642.jpg";s:5:"width";i:1210;s:6:"height";i:642;s:9:"mime-type";s:10:"image/jpeg";}}s:10:"image_meta";a:12:{s:8:"aperture";s:3:"2.8";s:6:"credit";s:0:"";s:6:"camera";s:12:"Canon EOS 6D";s:7:"caption";s:0:"";s:17:"created_timestamp";s:1:"0";s:9:"copyright";s:0:"";s:12:"focal_length";s:3:"200";s:3:"iso";s:4:"1250";s:13:"shutter_speed";s:8:"0.003125";s:5:"title";s:0:"";s:11:"orientation";s:1:"0";s:8:"keywords";a:0:{}}}]]></wp:meta_value>
		</wp:postmeta>
	</item>
	<item>
		<title>The Royal Family Steps Out For Annual Christmas Day Service</title>
		<link>https://demo.mantrabrain.com/mantranews-default/2019/01/01/the-royal-family-steps-out-for-annual-christmas-day-service/</link>
		<pubDate>Tue, 01 Jan 2019 16:56:06 +0000</pubDate>
		<dc:creator><![CDATA[mantrabrain_demo]]></dc:creator>
		<guid isPermaLink="false">https://demo.mantrabrain.com/mantranews-default/?p=10</guid>
		<description></description>
		<content:encoded><![CDATA[<!-- wp:paragraph -->
<p>The royal family stepped out for their annual Christmas Day visit to the morning church service on the Queen's Sandringham estate, where they are spending Christmas together, today. Arriving by foot, the Duke and Duchess of Sussex, the Duke and Duchess of Cambridge and Prince Charles joined the Queen at the church. The Duchess of Cornwall and the Duke of Edinburgh were not in attendance.</p>
<!-- /wp:paragraph -->

<!-- wp:paragraph -->
<p>GETTY<br>
Meghan Markle: Style File</p>
<!-- /wp:paragraph -->

<!-- wp:paragraph -->
<p>Meghan Markle: Style File<br>
MEGHAN MARKLE</p>
<!-- /wp:paragraph -->

<!-- wp:paragraph -->
<p>The Duchess of Sussex, who is expecting her first baby in the spring, wore a navy ensemble by Victoria Beckham and knee-high boots, while the Duchess of Cambridge opted for a festive-hued coat dress and accessories. Following the service, the family greeted members of the public waiting in crowds at the entrance.</p>
<!-- /wp:paragraph -->

<!-- wp:paragraph -->
<p>GETTY<br>
READ NEXT<br>
The Duchesses Share Style Notes For The Queen's Annual Christmas Lunch</p>
<!-- /wp:paragraph -->

<!-- wp:paragraph -->
<p>The Duchesses Share Style Notes For The Queen's Annual Christmas Lunch<br>
by ALICE NEWBOLD</p>
<!-- /wp:paragraph -->

<!-- wp:paragraph -->
<p>How Meghan And Harry Are Spending Christmas</p>
<!-- /wp:paragraph -->

<!-- wp:paragraph -->
<p>How Meghan And Harry Are Spending Christmas<br>
NEWS  04 Dec 2018<br>
What The Royals Wear On Christmas Day</p>
<!-- /wp:paragraph -->

<!-- wp:paragraph -->
<p>What The Royals Wear On Christmas Day<br>
ARTS &amp; LIFESTYLE  23 Dec 2018<br>
It is the second Christmas that the Duchess of Sussex has spent with the royal family. In December 2017, she, then Prince Harry's fiancée, joined the festivities at Sandringham. For the couple's Christmas card this year, they chose a previously unseen photograph from their wedding reception at Windsor Castle's Frogmore House in May</p>
<!-- /wp:paragraph -->]]></content:encoded>
		<excerpt:encoded><![CDATA[]]></excerpt:encoded>
		<wp:post_id>10</wp:post_id>
		<wp:post_date><![CDATA[2019-01-01 16:56:06]]></wp:post_date>
		<wp:post_date_gmt><![CDATA[2019-01-01 16:56:06]]></wp:post_date_gmt>
		<wp:comment_status><![CDATA[open]]></wp:comment_status>
		<wp:ping_status><![CDATA[open]]></wp:ping_status>
		<wp:post_name><![CDATA[the-royal-family-steps-out-for-annual-christmas-day-service]]></wp:post_name>
		<wp:status><![CDATA[publish]]></wp:status>
		<wp:post_parent>0</wp:post_parent>
		<wp:menu_order>0</wp:menu_order>
		<wp:post_type><![CDATA[post]]></wp:post_type>
		<wp:post_password><![CDATA[]]></wp:post_password>
		<wp:is_sticky>0</wp:is_sticky>
		<category domain="category" nicename="international"><![CDATA[International]]></category>
		<category domain="category" nicename="politics"><![CDATA[Politics]]></category>
		<wp:postmeta>
			<wp:meta_key><![CDATA[_thumbnail_id]]></wp:meta_key>
			<wp:meta_value><![CDATA[11]]></wp:meta_value>
		</wp:postmeta>
		<wp:postmeta>
			<wp:meta_key><![CDATA[_edit_last]]></wp:meta_key>
			<wp:meta_value><![CDATA[1]]></wp:meta_value>
		</wp:postmeta>
		<wp:postmeta>
			<wp:meta_key><![CDATA[mantranews_sidebar_location]]></wp:meta_key>
			<wp:meta_value><![CDATA[default_sidebar]]></wp:meta_value>
		</wp:postmeta>
	</item>
	<item>
		<title>family-3400033_1920</title>
		<link>https://demo.mantrabrain.com/mantranews-default/2019/01/01/the-royal-family-steps-out-for-annual-christmas-day-service/family-3400033_1920/</link>
		<pubDate>Tue, 01 Jan 2019 16:55:34 +0000</pubDate>
		<dc:creator><![CDATA[mantrabrain_demo]]></dc:creator>
		<guid isPermaLink="false">https://demo.mantrabrain.com/mantranews-default/wp-content/uploads/sites/3/2019/01/family-3400033_1920.jpg</guid>
		<description></description>
		<content:encoded><![CDATA[]]></content:encoded>
		<excerpt:encoded><![CDATA[]]></excerpt:encoded>
		<wp:post_id>11</wp:post_id>
		<wp:post_date><![CDATA[2019-01-01 16:55:34]]></wp:post_date>
		<wp:post_date_gmt><![CDATA[2019-01-01 16:55:34]]></wp:post_date_gmt>
		<wp:comment_status><![CDATA[open]]></wp:comment_status>
		<wp:ping_status><![CDATA[closed]]></wp:ping_status>
		<wp:post_name><![CDATA[family-3400033_1920]]></wp:post_name>
		<wp:status><![CDATA[inherit]]></wp:status>
		<wp:post_parent>10</wp:post_parent>
		<wp:menu_order>0</wp:menu_order>
		<wp:post_type><![CDATA[attachment]]></wp:post_type>
		<wp:post_password><![CDATA[]]></wp:post_password>
		<wp:is_sticky>0</wp:is_sticky>
		<wp:attachment_url><![CDATA[https://demo.mantrabrain.com/mantranews-default/wp-content/uploads/sites/3/2019/01/family-3400033_1920.jpg]]></wp:attachment_url>
		<wp:postmeta>
			<wp:meta_key><![CDATA[_wp_attached_file]]></wp:meta_key>
			<wp:meta_value><![CDATA[2019/01/family-3400033_1920.jpg]]></wp:meta_value>
		</wp:postmeta>
		<wp:postmeta>
			<wp:meta_key><![CDATA[_wp_attachment_metadata]]></wp:meta_key>
			<wp:meta_value><![CDATA[a:5:{s:5:"width";i:1920;s:6:"height";i:1080;s:4:"file";s:31:"2019/01/family-3400033_1920.jpg";s:5:"sizes";a:11:{s:9:"thumbnail";a:4:{s:4:"file";s:31:"family-3400033_1920-150x150.jpg";s:5:"width";i:150;s:6:"height";i:150;s:9:"mime-type";s:10:"image/jpeg";}s:6:"medium";a:4:{s:4:"file";s:31:"family-3400033_1920-300x169.jpg";s:5:"width";i:300;s:6:"height";i:169;s:9:"mime-type";s:10:"image/jpeg";}s:12:"medium_large";a:4:{s:4:"file";s:31:"family-3400033_1920-768x432.jpg";s:5:"width";i:768;s:6:"height";i:432;s:9:"mime-type";s:10:"image/jpeg";}s:5:"large";a:4:{s:4:"file";s:32:"family-3400033_1920-1024x576.jpg";s:5:"width";i:1024;s:6:"height";i:576;s:9:"mime-type";s:10:"image/jpeg";}s:23:"mantranews-slider-large";a:4:{s:4:"file";s:32:"family-3400033_1920-1020x741.jpg";s:5:"width";i:1020;s:6:"height";i:741;s:9:"mime-type";s:10:"image/jpeg";}s:26:"mantranews-featured-medium";a:4:{s:4:"file";s:31:"family-3400033_1920-420x307.jpg";s:5:"width";i:420;s:6:"height";i:307;s:9:"mime-type";s:10:"image/jpeg";}s:24:"mantranews-featured-long";a:4:{s:4:"file";s:31:"family-3400033_1920-300x443.jpg";s:5:"width";i:300;s:6:"height";i:443;s:9:"mime-type";s:10:"image/jpeg";}s:23:"mantranews-block-medium";a:4:{s:4:"file";s:31:"family-3400033_1920-464x290.jpg";s:5:"width";i:464;s:6:"height";i:290;s:9:"mime-type";s:10:"image/jpeg";}s:25:"mantranews-carousel-image";a:4:{s:4:"file";s:31:"family-3400033_1920-600x500.jpg";s:5:"width";i:600;s:6:"height";i:500;s:9:"mime-type";s:10:"image/jpeg";}s:22:"mantranews-block-thumb";a:4:{s:4:"file";s:31:"family-3400033_1920-322x230.jpg";s:5:"width";i:322;s:6:"height";i:230;s:9:"mime-type";s:10:"image/jpeg";}s:23:"mantranews-single-large";a:4:{s:4:"file";s:32:"family-3400033_1920-1210x642.jpg";s:5:"width";i:1210;s:6:"height";i:642;s:9:"mime-type";s:10:"image/jpeg";}}s:10:"image_meta";a:12:{s:8:"aperture";s:1:"0";s:6:"credit";s:0:"";s:6:"camera";s:0:"";s:7:"caption";s:0:"";s:17:"created_timestamp";s:1:"0";s:9:"copyright";s:0:"";s:12:"focal_length";s:1:"0";s:3:"iso";s:1:"0";s:13:"shutter_speed";s:1:"0";s:5:"title";s:0:"";s:11:"orientation";s:1:"0";s:8:"keywords";a:0:{}}}]]></wp:meta_value>
		</wp:postmeta>
	</item>
	<item>
		<title>14 Ways To Bring Wellness Into Your Life In 2019</title>
		<link>https://demo.mantrabrain.com/mantranews-default/2019/01/01/14-ways-to-bring-wellness-into-your-life-in-2019/</link>
		<pubDate>Tue, 01 Jan 2019 17:00:45 +0000</pubDate>
		<dc:creator><![CDATA[mantrabrain_demo]]></dc:creator>
		<guid isPermaLink="false">https://demo.mantrabrain.com/mantranews-default/?p=13</guid>
		<description></description>
		<content:encoded><![CDATA[<!-- wp:paragraph -->
<p>Looking to bring a little more wellness into your life? Whatever your needs are it is safe to say that there are so many wonderful, holistic things out there to do for yourself to cultivate self-care. It could be in the form of ritual, participating in your own unique ceremony, creating and enjoying your favourite food, expression through embodied movement, treating yourself to a special trip, grounding yourself in nature or simply reading a good book. Below, <em>Vogue</em> has created the ultimate guide to interesting retreats, experiences and purchases to treat your mind, body and soul and bring wellness into your new year.<br>Looking to bring a little more wellness into your life? Whatever your needs are it is safe to say that there are so many wonderful, holistic things out there to do for yourself to cultivate self-care. It could be in the form of ritual, participating in your own unique ceremony, creating and enjoying your favourite food, expression through embodied movement, treating yourself to a special trip, grounding yourself in nature or simply reading a good book. Below, <em>Vogue</em> has created the ultimate guide to interesting retreats, experiences and purchases to treat your mind, body and soul and bring wellness into your new year.<br>Looking to bring a little more wellness into your life? Whatever your needs are it is safe to say that there are so many wonderful, holistic things out there to do for yourself to cultivate self-care. It could be in the form of ritual, participating in your own unique ceremony, creating and enjoying your favourite food, expression through embodied movement, treating yourself to a special trip, grounding yourself in nature or simply reading a good book. Below, <em>Vogue</em> has created the ultimate guide to interesting retreats, experiences and purchases to treat your mind, body and soul and bring wellness into your new year.<br>Looking to bring a little more wellness into your life? Whatever your needs are it is safe to say that there are so many wonderful, holistic things out there to do for yourself to cultivate self-care. It could be in the form of ritual, participating in your own unique ceremony, creating and enjoying your favourite food, expression through embodied movement, treating yourself to a special trip, grounding yourself in nature or simply reading a good book. Below, <em>Vogue</em> has created the ultimate guide to interesting retreats, experiences and purchases to treat your mind, body and soul and bring wellness into your new year.<br>Looking to bring a little more wellness into your life? Whatever your needs are it is safe to say that there are so many wonderful, holistic things out there to do for yourself to cultivate self-care. It could be in the form of ritual, participating in your own unique ceremony, creating and enjoying your favourite food, expression through embodied movement, treating yourself to a special trip, grounding yourself in nature or simply reading a good book. Below, <em>Vogue</em> has created the ultimate guide to interesting retreats, experiences and purchases to treat your mind, body and soul and bring wellness into your new year.<br>Looking to bring a little more wellness into your life? Whatever your needs are it is safe to say that there are so many wonderful, holistic things out there to do for yourself to cultivate self-care. It could be in the form of ritual, participating in your own unique ceremony, creating and enjoying your favourite food, expression through embodied movement, treating yourself to a special trip, grounding yourself in nature or simply reading a good book. Below, <em>Vogue</em> has created the ultimate guide to interesting retreats, experiences and purchases to treat your mind, body and soul and bring wellness into your new year.<br>Looking to bring a little more wellness into your life? Whatever your needs are it is safe to say that there are so many wonderful, holistic things out there to do for yourself to cultivate self-care. It could be in the form of ritual, participating in your own unique ceremony, creating and enjoying your favourite food, expression through embodied movement, treating yourself to a special trip, grounding yourself in nature or simply reading a good book. Below, <em>Vogue</em> has created the ultimate guide to interesting retreats, experiences and purchases to treat your mind, body and soul and bring wellness into your new year.<br>Looking to bring a little more wellness into your life? Whatever your needs are it is safe to say that there are so many wonderful, holistic things out there to do for yourself to cultivate self-care. It could be in the form of ritual, participating in your own unique ceremony, creating and enjoying your favourite food, expression through embodied movement, treating yourself to a special trip, grounding yourself in nature or simply reading a good book. Below, <em>Vogue</em> has created the ultimate guide to interesting retreats, experiences and purchases to treat your mind, body and soul and bring wellness into your new year.<br>Looking to bring a little more wellness into your life? Whatever your needs are it is safe to say that there are so many wonderful, holistic things out there to do for yourself to cultivate self-care. It could be in the form of ritual, participating in your own unique ceremony, creating and enjoying your favourite food, expression through embodied movement, treating yourself to a special trip, grounding yourself in nature or simply reading a good book. Below, <em>Vogue</em> has created the ultimate guide to interesting retreats, experiences and purchases to treat your mind, body and soul and bring wellness into your new year.<br>Looking to bring a little more wellness into your life? Whatever your needs are it is safe to say that there are so many wonderful, holistic things out there to do for yourself to cultivate self-care. It could be in the form of ritual, participating in your own unique ceremony, creating and enjoying your favourite food, expression through embodied movement, treating yourself to a special trip, grounding yourself in nature or simply reading a good book. Below, <em>Vogue</em> has created the ultimate guide to interesting retreats, experiences and purchases to treat your mind, body and soul and bring wellness into your new year.<br></p>
<!-- /wp:paragraph -->]]></content:encoded>
		<excerpt:encoded><![CDATA[]]></excerpt:encoded>
		<wp:post_id>13</wp:post_id>
		<wp:post_date><![CDATA[2019-01-01 17:00:45]]></wp:post_date>
		<wp:post_date_gmt><![CDATA[2019-01-01 17:00:45]]></wp:post_date_gmt>
		<wp:comment_status><![CDATA[open]]></wp:comment_status>
		<wp:ping_status><![CDATA[open]]></wp:ping_status>
		<wp:post_name><![CDATA[14-ways-to-bring-wellness-into-your-life-in-2019]]></wp:post_name>
		<wp:status><![CDATA[publish]]></wp:status>
		<wp:post_parent>0</wp:post_parent>
		<wp:menu_order>0</wp:menu_order>
		<wp:post_type><![CDATA[post]]></wp:post_type>
		<wp:post_password><![CDATA[]]></wp:post_password>
		<wp:is_sticky>0</wp:is_sticky>
		<category domain="category" nicename="fashion"><![CDATA[Fashion]]></category>
		<wp:postmeta>
			<wp:meta_key><![CDATA[_thumbnail_id]]></wp:meta_key>
			<wp:meta_value><![CDATA[14]]></wp:meta_value>
		</wp:postmeta>
		<wp:postmeta>
			<wp:meta_key><![CDATA[_edit_last]]></wp:meta_key>
			<wp:meta_value><![CDATA[1]]></wp:meta_value>
		</wp:postmeta>
		<wp:postmeta>
			<wp:meta_key><![CDATA[mantranews_sidebar_location]]></wp:meta_key>
			<wp:meta_value><![CDATA[default_sidebar]]></wp:meta_value>
		</wp:postmeta>
	</item>
	<item>
		<title>fashion-1063100_1920</title>
		<link>https://demo.mantrabrain.com/mantranews-default/2019/01/01/14-ways-to-bring-wellness-into-your-life-in-2019/fashion-1063100_1920/</link>
		<pubDate>Tue, 01 Jan 2019 16:57:37 +0000</pubDate>
		<dc:creator><![CDATA[mantrabrain_demo]]></dc:creator>
		<guid isPermaLink="false">https://demo.mantrabrain.com/mantranews-default/wp-content/uploads/sites/3/2019/01/fashion-1063100_1920.jpg</guid>
		<description></description>
		<content:encoded><![CDATA[]]></content:encoded>
		<excerpt:encoded><![CDATA[]]></excerpt:encoded>
		<wp:post_id>14</wp:post_id>
		<wp:post_date><![CDATA[2019-01-01 16:57:37]]></wp:post_date>
		<wp:post_date_gmt><![CDATA[2019-01-01 16:57:37]]></wp:post_date_gmt>
		<wp:comment_status><![CDATA[open]]></wp:comment_status>
		<wp:ping_status><![CDATA[closed]]></wp:ping_status>
		<wp:post_name><![CDATA[fashion-1063100_1920]]></wp:post_name>
		<wp:status><![CDATA[inherit]]></wp:status>
		<wp:post_parent>13</wp:post_parent>
		<wp:menu_order>0</wp:menu_order>
		<wp:post_type><![CDATA[attachment]]></wp:post_type>
		<wp:post_password><![CDATA[]]></wp:post_password>
		<wp:is_sticky>0</wp:is_sticky>
		<wp:attachment_url><![CDATA[https://demo.mantrabrain.com/mantranews-default/wp-content/uploads/sites/3/2019/01/fashion-1063100_1920.jpg]]></wp:attachment_url>
		<wp:postmeta>
			<wp:meta_key><![CDATA[_wp_attached_file]]></wp:meta_key>
			<wp:meta_value><![CDATA[2019/01/fashion-1063100_1920.jpg]]></wp:meta_value>
		</wp:postmeta>
		<wp:postmeta>
			<wp:meta_key><![CDATA[_wp_attachment_metadata]]></wp:meta_key>
			<wp:meta_value><![CDATA[a:5:{s:5:"width";i:1920;s:6:"height";i:1277;s:4:"file";s:32:"2019/01/fashion-1063100_1920.jpg";s:5:"sizes";a:11:{s:9:"thumbnail";a:4:{s:4:"file";s:32:"fashion-1063100_1920-150x150.jpg";s:5:"width";i:150;s:6:"height";i:150;s:9:"mime-type";s:10:"image/jpeg";}s:6:"medium";a:4:{s:4:"file";s:32:"fashion-1063100_1920-300x200.jpg";s:5:"width";i:300;s:6:"height";i:200;s:9:"mime-type";s:10:"image/jpeg";}s:12:"medium_large";a:4:{s:4:"file";s:32:"fashion-1063100_1920-768x511.jpg";s:5:"width";i:768;s:6:"height";i:511;s:9:"mime-type";s:10:"image/jpeg";}s:5:"large";a:4:{s:4:"file";s:33:"fashion-1063100_1920-1024x681.jpg";s:5:"width";i:1024;s:6:"height";i:681;s:9:"mime-type";s:10:"image/jpeg";}s:23:"mantranews-slider-large";a:4:{s:4:"file";s:33:"fashion-1063100_1920-1020x741.jpg";s:5:"width";i:1020;s:6:"height";i:741;s:9:"mime-type";s:10:"image/jpeg";}s:26:"mantranews-featured-medium";a:4:{s:4:"file";s:32:"fashion-1063100_1920-420x307.jpg";s:5:"width";i:420;s:6:"height";i:307;s:9:"mime-type";s:10:"image/jpeg";}s:24:"mantranews-featured-long";a:4:{s:4:"file";s:32:"fashion-1063100_1920-300x443.jpg";s:5:"width";i:300;s:6:"height";i:443;s:9:"mime-type";s:10:"image/jpeg";}s:23:"mantranews-block-medium";a:4:{s:4:"file";s:32:"fashion-1063100_1920-464x290.jpg";s:5:"width";i:464;s:6:"height";i:290;s:9:"mime-type";s:10:"image/jpeg";}s:25:"mantranews-carousel-image";a:4:{s:4:"file";s:32:"fashion-1063100_1920-600x500.jpg";s:5:"width";i:600;s:6:"height";i:500;s:9:"mime-type";s:10:"image/jpeg";}s:22:"mantranews-block-thumb";a:4:{s:4:"file";s:32:"fashion-1063100_1920-322x230.jpg";s:5:"width";i:322;s:6:"height";i:230;s:9:"mime-type";s:10:"image/jpeg";}s:23:"mantranews-single-large";a:4:{s:4:"file";s:33:"fashion-1063100_1920-1210x642.jpg";s:5:"width";i:1210;s:6:"height";i:642;s:9:"mime-type";s:10:"image/jpeg";}}s:10:"image_meta";a:12:{s:8:"aperture";s:1:"0";s:6:"credit";s:0:"";s:6:"camera";s:0:"";s:7:"caption";s:0:"";s:17:"created_timestamp";s:1:"0";s:9:"copyright";s:0:"";s:12:"focal_length";s:1:"0";s:3:"iso";s:1:"0";s:13:"shutter_speed";s:1:"0";s:5:"title";s:0:"";s:11:"orientation";s:1:"0";s:8:"keywords";a:0:{}}}]]></wp:meta_value>
		</wp:postmeta>
	</item>
	<item>
		<title>What To Look Forward To In 2019</title>
		<link>https://demo.mantrabrain.com/mantranews-default/2019/01/01/what-to-look-forward-to-in-2019/</link>
		<pubDate>Tue, 01 Jan 2019 17:01:46 +0000</pubDate>
		<dc:creator><![CDATA[mantrabrain_demo]]></dc:creator>
		<guid isPermaLink="false">https://demo.mantrabrain.com/mantranews-default/?p=17</guid>
		<description></description>
		<content:encoded><![CDATA[<!-- wp:paragraph -->
<p>Disney has a major trio on the cards for 2019, with the releases of the star-studded, live-action versions of <em>Dumbo</em> (March), <em>Aladdin</em> (May), and <em>The Lion King</em> (July). The latter half of the year will see Greta Gerwig's adaptation of <em>Little Women</em>, starring Emma Watson and Saoirse Ronan, arrive in cinemas, and - if that wasn't enough period drama to keep us going - the <em>Downton Abbey</em> film is slated for release in December.<br>Disney has a major trio on the cards for 2019, with the releases of the star-studded, live-action versions of <em>Dumbo</em> (March), <em>Aladdin</em> (May), and <em>The Lion King</em> (July). The latter half of the year will see Greta Gerwig's adaptation of <em>Little Women</em>, starring Emma Watson and Saoirse Ronan, arrive in cinemas, and - if that wasn't enough period drama to keep us going - the <em>Downton Abbey</em> film is slated for release in December.<br>Disney has a major trio on the cards for 2019, with the releases of the star-studded, live-action versions of <em>Dumbo</em> (March), <em>Aladdin</em> (May), and <em>The Lion King</em> (July). The latter half of the year will see Greta Gerwig's adaptation of <em>Little Women</em>, starring Emma Watson and Saoirse Ronan, arrive in cinemas, and - if that wasn't enough period drama to keep us going - the <em>Downton Abbey</em> film is slated for release in December.<br>Disney has a major trio on the cards for 2019, with the releases of the star-studded, live-action versions of <em>Dumbo</em> (March), <em>Aladdin</em> (May), and <em>The Lion King</em> (July). The latter half of the year will see Greta Gerwig's adaptation of <em>Little Women</em>, starring Emma Watson and Saoirse Ronan, arrive in cinemas, and - if that wasn't enough period drama to keep us going - the <em>Downton Abbey</em> film is slated for release in December.<br>Disney has a major trio on the cards for 2019, with the releases of the star-studded, live-action versions of <em>Dumbo</em> (March), <em>Aladdin</em> (May), and <em>The Lion King</em> (July). The latter half of the year will see Greta Gerwig's adaptation of <em>Little Women</em>, starring Emma Watson and Saoirse Ronan, arrive in cinemas, and - if that wasn't enough period drama to keep us going - the <em>Downton Abbey</em> film is slated for release in December.<br>Disney has a major trio on the cards for 2019, with the releases of the star-studded, live-action versions of <em>Dumbo</em> (March), <em>Aladdin</em> (May), and <em>The Lion King</em> (July). The latter half of the year will see Greta Gerwig's adaptation of <em>Little Women</em>, starring Emma Watson and Saoirse Ronan, arrive in cinemas, and - if that wasn't enough period drama to keep us going - the <em>Downton Abbey</em> film is slated for release in December.<br>Disney has a major trio on the cards for 2019, with the releases of the star-studded, live-action versions of <em>Dumbo</em> (March), <em>Aladdin</em> (May), and <em>The Lion King</em> (July). The latter half of the year will see Greta Gerwig's adaptation of <em>Little Women</em>, starring Emma Watson and Saoirse Ronan, arrive in cinemas, and - if that wasn't enough period drama to keep us going - the <em>Downton Abbey</em> film is slated for release in December.<br>Disney has a major trio on the cards for 2019, with the releases of the star-studded, live-action versions of <em>Dumbo</em> (March), <em>Aladdin</em> (May), and <em>The Lion King</em> (July). The latter half of the year will see Greta Gerwig's adaptation of <em>Little Women</em>, starring Emma Watson and Saoirse Ronan, arrive in cinemas, and - if that wasn't enough period drama to keep us going - the <em>Downton Abbey</em> film is slated for release in December.<br></p>
<!-- /wp:paragraph -->]]></content:encoded>
		<excerpt:encoded><![CDATA[]]></excerpt:encoded>
		<wp:post_id>17</wp:post_id>
		<wp:post_date><![CDATA[2019-01-01 17:01:46]]></wp:post_date>
		<wp:post_date_gmt><![CDATA[2019-01-01 17:01:46]]></wp:post_date_gmt>
		<wp:comment_status><![CDATA[open]]></wp:comment_status>
		<wp:ping_status><![CDATA[open]]></wp:ping_status>
		<wp:post_name><![CDATA[what-to-look-forward-to-in-2019]]></wp:post_name>
		<wp:status><![CDATA[publish]]></wp:status>
		<wp:post_parent>0</wp:post_parent>
		<wp:menu_order>0</wp:menu_order>
		<wp:post_type><![CDATA[post]]></wp:post_type>
		<wp:post_password><![CDATA[]]></wp:post_password>
		<wp:is_sticky>0</wp:is_sticky>
		<category domain="category" nicename="fashion"><![CDATA[Fashion]]></category>
		<category domain="category" nicename="national"><![CDATA[National]]></category>
		<wp:postmeta>
			<wp:meta_key><![CDATA[_thumbnail_id]]></wp:meta_key>
			<wp:meta_value><![CDATA[18]]></wp:meta_value>
		</wp:postmeta>
		<wp:postmeta>
			<wp:meta_key><![CDATA[_edit_last]]></wp:meta_key>
			<wp:meta_value><![CDATA[1]]></wp:meta_value>
		</wp:postmeta>
		<wp:postmeta>
			<wp:meta_key><![CDATA[_pingme]]></wp:meta_key>
			<wp:meta_value><![CDATA[1]]></wp:meta_value>
		</wp:postmeta>
		<wp:postmeta>
			<wp:meta_key><![CDATA[_encloseme]]></wp:meta_key>
			<wp:meta_value><![CDATA[1]]></wp:meta_value>
		</wp:postmeta>
		<wp:postmeta>
			<wp:meta_key><![CDATA[mantranews_sidebar_location]]></wp:meta_key>
			<wp:meta_value><![CDATA[default_sidebar]]></wp:meta_value>
		</wp:postmeta>
	</item>
	<item>
		<title>girl-3551832_1920</title>
		<link>https://demo.mantrabrain.com/mantranews-default/2019/01/01/what-to-look-forward-to-in-2019/girl-3551832_1920/</link>
		<pubDate>Tue, 01 Jan 2019 17:01:41 +0000</pubDate>
		<dc:creator><![CDATA[mantrabrain_demo]]></dc:creator>
		<guid isPermaLink="false">https://demo.mantrabrain.com/mantranews-default/wp-content/uploads/sites/3/2019/01/girl-3551832_1920.jpg</guid>
		<description></description>
		<content:encoded><![CDATA[]]></content:encoded>
		<excerpt:encoded><![CDATA[]]></excerpt:encoded>
		<wp:post_id>18</wp:post_id>
		<wp:post_date><![CDATA[2019-01-01 17:01:41]]></wp:post_date>
		<wp:post_date_gmt><![CDATA[2019-01-01 17:01:41]]></wp:post_date_gmt>
		<wp:comment_status><![CDATA[open]]></wp:comment_status>
		<wp:ping_status><![CDATA[closed]]></wp:ping_status>
		<wp:post_name><![CDATA[girl-3551832_1920]]></wp:post_name>
		<wp:status><![CDATA[inherit]]></wp:status>
		<wp:post_parent>17</wp:post_parent>
		<wp:menu_order>0</wp:menu_order>
		<wp:post_type><![CDATA[attachment]]></wp:post_type>
		<wp:post_password><![CDATA[]]></wp:post_password>
		<wp:is_sticky>0</wp:is_sticky>
		<wp:attachment_url><![CDATA[https://demo.mantrabrain.com/mantranews-default/wp-content/uploads/sites/3/2019/01/girl-3551832_1920.jpg]]></wp:attachment_url>
		<wp:postmeta>
			<wp:meta_key><![CDATA[_wp_attached_file]]></wp:meta_key>
			<wp:meta_value><![CDATA[2019/01/girl-3551832_1920.jpg]]></wp:meta_value>
		</wp:postmeta>
		<wp:postmeta>
			<wp:meta_key><![CDATA[_wp_attachment_metadata]]></wp:meta_key>
			<wp:meta_value><![CDATA[a:5:{s:5:"width";i:1920;s:6:"height";i:1271;s:4:"file";s:29:"2019/01/girl-3551832_1920.jpg";s:5:"sizes";a:11:{s:9:"thumbnail";a:4:{s:4:"file";s:29:"girl-3551832_1920-150x150.jpg";s:5:"width";i:150;s:6:"height";i:150;s:9:"mime-type";s:10:"image/jpeg";}s:6:"medium";a:4:{s:4:"file";s:29:"girl-3551832_1920-300x199.jpg";s:5:"width";i:300;s:6:"height";i:199;s:9:"mime-type";s:10:"image/jpeg";}s:12:"medium_large";a:4:{s:4:"file";s:29:"girl-3551832_1920-768x508.jpg";s:5:"width";i:768;s:6:"height";i:508;s:9:"mime-type";s:10:"image/jpeg";}s:5:"large";a:4:{s:4:"file";s:30:"girl-3551832_1920-1024x678.jpg";s:5:"width";i:1024;s:6:"height";i:678;s:9:"mime-type";s:10:"image/jpeg";}s:23:"mantranews-slider-large";a:4:{s:4:"file";s:30:"girl-3551832_1920-1020x741.jpg";s:5:"width";i:1020;s:6:"height";i:741;s:9:"mime-type";s:10:"image/jpeg";}s:26:"mantranews-featured-medium";a:4:{s:4:"file";s:29:"girl-3551832_1920-420x307.jpg";s:5:"width";i:420;s:6:"height";i:307;s:9:"mime-type";s:10:"image/jpeg";}s:24:"mantranews-featured-long";a:4:{s:4:"file";s:29:"girl-3551832_1920-300x443.jpg";s:5:"width";i:300;s:6:"height";i:443;s:9:"mime-type";s:10:"image/jpeg";}s:23:"mantranews-block-medium";a:4:{s:4:"file";s:29:"girl-3551832_1920-464x290.jpg";s:5:"width";i:464;s:6:"height";i:290;s:9:"mime-type";s:10:"image/jpeg";}s:25:"mantranews-carousel-image";a:4:{s:4:"file";s:29:"girl-3551832_1920-600x500.jpg";s:5:"width";i:600;s:6:"height";i:500;s:9:"mime-type";s:10:"image/jpeg";}s:22:"mantranews-block-thumb";a:4:{s:4:"file";s:29:"girl-3551832_1920-322x230.jpg";s:5:"width";i:322;s:6:"height";i:230;s:9:"mime-type";s:10:"image/jpeg";}s:23:"mantranews-single-large";a:4:{s:4:"file";s:30:"girl-3551832_1920-1210x642.jpg";s:5:"width";i:1210;s:6:"height";i:642;s:9:"mime-type";s:10:"image/jpeg";}}s:10:"image_meta";a:12:{s:8:"aperture";s:3:"3.5";s:6:"credit";s:0:"";s:6:"camera";s:11:"NIKON D5100";s:7:"caption";s:0:"";s:17:"created_timestamp";s:1:"0";s:9:"copyright";s:0:"";s:12:"focal_length";s:2:"70";s:3:"iso";s:3:"200";s:13:"shutter_speed";s:5:"0.001";s:5:"title";s:0:"";s:11:"orientation";s:1:"0";s:8:"keywords";a:0:{}}}]]></wp:meta_value>
		</wp:postmeta>
	</item>
	<item>
		<title>Home Page</title>
		<link>https://demo.mantrabrain.com/mantranews-default/</link>
		<pubDate>Tue, 01 Jan 2019 17:03:57 +0000</pubDate>
		<dc:creator><![CDATA[mantrabrain_demo]]></dc:creator>
		<guid isPermaLink="false">https://demo.mantrabrain.com/mantranews-default/?page_id=22</guid>
		<description></description>
		<content:encoded><![CDATA[]]></content:encoded>
		<excerpt:encoded><![CDATA[]]></excerpt:encoded>
		<wp:post_id>22</wp:post_id>
		<wp:post_date><![CDATA[2019-01-01 17:03:57]]></wp:post_date>
		<wp:post_date_gmt><![CDATA[2019-01-01 17:03:57]]></wp:post_date_gmt>
		<wp:comment_status><![CDATA[closed]]></wp:comment_status>
		<wp:ping_status><![CDATA[closed]]></wp:ping_status>
		<wp:post_name><![CDATA[home-page]]></wp:post_name>
		<wp:status><![CDATA[publish]]></wp:status>
		<wp:post_parent>0</wp:post_parent>
		<wp:menu_order>0</wp:menu_order>
		<wp:post_type><![CDATA[page]]></wp:post_type>
		<wp:post_password><![CDATA[]]></wp:post_password>
		<wp:is_sticky>0</wp:is_sticky>
		<wp:postmeta>
			<wp:meta_key><![CDATA[_wp_page_template]]></wp:meta_key>
			<wp:meta_value><![CDATA[templates/news-template.php]]></wp:meta_value>
		</wp:postmeta>
		<wp:postmeta>
			<wp:meta_key><![CDATA[_edit_last]]></wp:meta_key>
			<wp:meta_value><![CDATA[1]]></wp:meta_value>
		</wp:postmeta>
		<wp:postmeta>
			<wp:meta_key><![CDATA[mantranews_sidebar_location]]></wp:meta_key>
			<wp:meta_value><![CDATA[default_sidebar]]></wp:meta_value>
		</wp:postmeta>
	</item>
	<item>
		<title>banner</title>
		<link>https://demo.mantrabrain.com/mantranews-default/banner/</link>
		<pubDate>Tue, 01 Jan 2019 17:26:28 +0000</pubDate>
		<dc:creator><![CDATA[mantrabrain_demo]]></dc:creator>
		<guid isPermaLink="false">https://demo.mantrabrain.com/mantranews-default/wp-content/uploads/sites/3/2019/01/banner.jpg</guid>
		<description></description>
		<content:encoded><![CDATA[]]></content:encoded>
		<excerpt:encoded><![CDATA[]]></excerpt:encoded>
		<wp:post_id>31</wp:post_id>
		<wp:post_date><![CDATA[2019-01-01 17:26:28]]></wp:post_date>
		<wp:post_date_gmt><![CDATA[2019-01-01 17:26:28]]></wp:post_date_gmt>
		<wp:comment_status><![CDATA[open]]></wp:comment_status>
		<wp:ping_status><![CDATA[closed]]></wp:ping_status>
		<wp:post_name><![CDATA[banner]]></wp:post_name>
		<wp:status><![CDATA[inherit]]></wp:status>
		<wp:post_parent>0</wp:post_parent>
		<wp:menu_order>0</wp:menu_order>
		<wp:post_type><![CDATA[attachment]]></wp:post_type>
		<wp:post_password><![CDATA[]]></wp:post_password>
		<wp:is_sticky>0</wp:is_sticky>
		<wp:attachment_url><![CDATA[https://demo.mantrabrain.com/mantranews-default/wp-content/uploads/sites/3/2019/01/banner.jpg]]></wp:attachment_url>
		<wp:postmeta>
			<wp:meta_key><![CDATA[_wp_attached_file]]></wp:meta_key>
			<wp:meta_value><![CDATA[2019/01/banner.jpg]]></wp:meta_value>
		</wp:postmeta>
		<wp:postmeta>
			<wp:meta_key><![CDATA[_wp_attachment_metadata]]></wp:meta_key>
			<wp:meta_value><![CDATA[a:5:{s:5:"width";i:728;s:6:"height";i:90;s:4:"file";s:18:"2019/01/banner.jpg";s:5:"sizes";a:7:{s:9:"thumbnail";a:4:{s:4:"file";s:17:"banner-150x90.jpg";s:5:"width";i:150;s:6:"height";i:90;s:9:"mime-type";s:10:"image/jpeg";}s:6:"medium";a:4:{s:4:"file";s:17:"banner-300x37.jpg";s:5:"width";i:300;s:6:"height";i:37;s:9:"mime-type";s:10:"image/jpeg";}s:26:"mantranews-featured-medium";a:4:{s:4:"file";s:17:"banner-420x90.jpg";s:5:"width";i:420;s:6:"height";i:90;s:9:"mime-type";s:10:"image/jpeg";}s:24:"mantranews-featured-long";a:4:{s:4:"file";s:17:"banner-300x90.jpg";s:5:"width";i:300;s:6:"height";i:90;s:9:"mime-type";s:10:"image/jpeg";}s:23:"mantranews-block-medium";a:4:{s:4:"file";s:17:"banner-464x90.jpg";s:5:"width";i:464;s:6:"height";i:90;s:9:"mime-type";s:10:"image/jpeg";}s:25:"mantranews-carousel-image";a:4:{s:4:"file";s:17:"banner-600x90.jpg";s:5:"width";i:600;s:6:"height";i:90;s:9:"mime-type";s:10:"image/jpeg";}s:22:"mantranews-block-thumb";a:4:{s:4:"file";s:17:"banner-322x90.jpg";s:5:"width";i:322;s:6:"height";i:90;s:9:"mime-type";s:10:"image/jpeg";}}s:10:"image_meta";a:12:{s:8:"aperture";s:1:"0";s:6:"credit";s:0:"";s:6:"camera";s:0:"";s:7:"caption";s:0:"";s:17:"created_timestamp";s:1:"0";s:9:"copyright";s:0:"";s:12:"focal_length";s:1:"0";s:3:"iso";s:1:"0";s:13:"shutter_speed";s:1:"0";s:5:"title";s:0:"";s:11:"orientation";s:1:"1";s:8:"keywords";a:0:{}}}]]></wp:meta_value>
		</wp:postmeta>
	</item>
	<item>
		<title>Home</title>
		<link>https://demo.mantrabrain.com/mantranews-default/2019/01/09/home/</link>
		<pubDate>Wed, 09 Jan 2019 03:59:56 +0000</pubDate>
		<dc:creator><![CDATA[mantrabrain_demo]]></dc:creator>
		<guid isPermaLink="false">https://demo.mantrabrain.com/mantranews-default/?p=33</guid>
		<description></description>
		<content:encoded><![CDATA[]]></content:encoded>
		<excerpt:encoded><![CDATA[]]></excerpt:encoded>
		<wp:post_id>33</wp:post_id>
		<wp:post_date><![CDATA[2019-01-09 03:59:56]]></wp:post_date>
		<wp:post_date_gmt><![CDATA[2019-01-09 03:59:56]]></wp:post_date_gmt>
		<wp:comment_status><![CDATA[closed]]></wp:comment_status>
		<wp:ping_status><![CDATA[closed]]></wp:ping_status>
		<wp:post_name><![CDATA[home]]></wp:post_name>
		<wp:status><![CDATA[publish]]></wp:status>
		<wp:post_parent>0</wp:post_parent>
		<wp:menu_order>1</wp:menu_order>
		<wp:post_type><![CDATA[nav_menu_item]]></wp:post_type>
		<wp:post_password><![CDATA[]]></wp:post_password>
		<wp:is_sticky>0</wp:is_sticky>
		<category domain="nav_menu" nicename="main-menu"><![CDATA[Main Menu]]></category>
		<wp:postmeta>
			<wp:meta_key><![CDATA[_menu_item_type]]></wp:meta_key>
			<wp:meta_value><![CDATA[post_type]]></wp:meta_value>
		</wp:postmeta>
		<wp:postmeta>
			<wp:meta_key><![CDATA[_menu_item_menu_item_parent]]></wp:meta_key>
			<wp:meta_value><![CDATA[0]]></wp:meta_value>
		</wp:postmeta>
		<wp:postmeta>
			<wp:meta_key><![CDATA[_menu_item_object_id]]></wp:meta_key>
			<wp:meta_value><![CDATA[22]]></wp:meta_value>
		</wp:postmeta>
		<wp:postmeta>
			<wp:meta_key><![CDATA[_menu_item_object]]></wp:meta_key>
			<wp:meta_value><![CDATA[page]]></wp:meta_value>
		</wp:postmeta>
		<wp:postmeta>
			<wp:meta_key><![CDATA[_menu_item_target]]></wp:meta_key>
			<wp:meta_value><![CDATA[]]></wp:meta_value>
		</wp:postmeta>
		<wp:postmeta>
			<wp:meta_key><![CDATA[_menu_item_classes]]></wp:meta_key>
			<wp:meta_value><![CDATA[a:1:{i:0;s:0:"";}]]></wp:meta_value>
		</wp:postmeta>
		<wp:postmeta>
			<wp:meta_key><![CDATA[_menu_item_xfn]]></wp:meta_key>
			<wp:meta_value><![CDATA[]]></wp:meta_value>
		</wp:postmeta>
		<wp:postmeta>
			<wp:meta_key><![CDATA[_menu_item_url]]></wp:meta_key>
			<wp:meta_value><![CDATA[]]></wp:meta_value>
		</wp:postmeta>
	</item>
	<item>
		<title></title>
		<link>https://demo.mantrabrain.com/mantranews-default/2019/01/09/34/</link>
		<pubDate>Wed, 09 Jan 2019 04:00:19 +0000</pubDate>
		<dc:creator><![CDATA[mantrabrain_demo]]></dc:creator>
		<guid isPermaLink="false">https://demo.mantrabrain.com/mantranews-default/?p=34</guid>
		<description></description>
		<content:encoded><![CDATA[ ]]></content:encoded>
		<excerpt:encoded><![CDATA[]]></excerpt:encoded>
		<wp:post_id>34</wp:post_id>
		<wp:post_date><![CDATA[2019-01-09 04:00:19]]></wp:post_date>
		<wp:post_date_gmt><![CDATA[2019-01-09 04:00:19]]></wp:post_date_gmt>
		<wp:comment_status><![CDATA[closed]]></wp:comment_status>
		<wp:ping_status><![CDATA[closed]]></wp:ping_status>
		<wp:post_name><![CDATA[34]]></wp:post_name>
		<wp:status><![CDATA[publish]]></wp:status>
		<wp:post_parent>0</wp:post_parent>
		<wp:menu_order>2</wp:menu_order>
		<wp:post_type><![CDATA[nav_menu_item]]></wp:post_type>
		<wp:post_password><![CDATA[]]></wp:post_password>
		<wp:is_sticky>0</wp:is_sticky>
		<category domain="nav_menu" nicename="main-menu"><![CDATA[Main Menu]]></category>
		<wp:postmeta>
			<wp:meta_key><![CDATA[_menu_item_type]]></wp:meta_key>
			<wp:meta_value><![CDATA[taxonomy]]></wp:meta_value>
		</wp:postmeta>
		<wp:postmeta>
			<wp:meta_key><![CDATA[_menu_item_menu_item_parent]]></wp:meta_key>
			<wp:meta_value><![CDATA[0]]></wp:meta_value>
		</wp:postmeta>
		<wp:postmeta>
			<wp:meta_key><![CDATA[_menu_item_object_id]]></wp:meta_key>
			<wp:meta_value><![CDATA[5]]></wp:meta_value>
		</wp:postmeta>
		<wp:postmeta>
			<wp:meta_key><![CDATA[_menu_item_object]]></wp:meta_key>
			<wp:meta_value><![CDATA[category]]></wp:meta_value>
		</wp:postmeta>
		<wp:postmeta>
			<wp:meta_key><![CDATA[_menu_item_target]]></wp:meta_key>
			<wp:meta_value><![CDATA[]]></wp:meta_value>
		</wp:postmeta>
		<wp:postmeta>
			<wp:meta_key><![CDATA[_menu_item_classes]]></wp:meta_key>
			<wp:meta_value><![CDATA[a:1:{i:0;s:0:"";}]]></wp:meta_value>
		</wp:postmeta>
		<wp:postmeta>
			<wp:meta_key><![CDATA[_menu_item_xfn]]></wp:meta_key>
			<wp:meta_value><![CDATA[]]></wp:meta_value>
		</wp:postmeta>
		<wp:postmeta>
			<wp:meta_key><![CDATA[_menu_item_url]]></wp:meta_key>
			<wp:meta_value><![CDATA[]]></wp:meta_value>
		</wp:postmeta>
	</item>
	<item>
		<title></title>
		<link>https://demo.mantrabrain.com/mantranews-default/2019/01/09/35/</link>
		<pubDate>Wed, 09 Jan 2019 04:00:19 +0000</pubDate>
		<dc:creator><![CDATA[mantrabrain_demo]]></dc:creator>
		<guid isPermaLink="false">https://demo.mantrabrain.com/mantranews-default/?p=35</guid>
		<description></description>
		<content:encoded><![CDATA[ ]]></content:encoded>
		<excerpt:encoded><![CDATA[]]></excerpt:encoded>
		<wp:post_id>35</wp:post_id>
		<wp:post_date><![CDATA[2019-01-09 04:00:19]]></wp:post_date>
		<wp:post_date_gmt><![CDATA[2019-01-09 04:00:19]]></wp:post_date_gmt>
		<wp:comment_status><![CDATA[closed]]></wp:comment_status>
		<wp:ping_status><![CDATA[closed]]></wp:ping_status>
		<wp:post_name><![CDATA[35]]></wp:post_name>
		<wp:status><![CDATA[publish]]></wp:status>
		<wp:post_parent>0</wp:post_parent>
		<wp:menu_order>3</wp:menu_order>
		<wp:post_type><![CDATA[nav_menu_item]]></wp:post_type>
		<wp:post_password><![CDATA[]]></wp:post_password>
		<wp:is_sticky>0</wp:is_sticky>
		<category domain="nav_menu" nicename="main-menu"><![CDATA[Main Menu]]></category>
		<wp:postmeta>
			<wp:meta_key><![CDATA[_menu_item_type]]></wp:meta_key>
			<wp:meta_value><![CDATA[taxonomy]]></wp:meta_value>
		</wp:postmeta>
		<wp:postmeta>
			<wp:meta_key><![CDATA[_menu_item_menu_item_parent]]></wp:meta_key>
			<wp:meta_value><![CDATA[0]]></wp:meta_value>
		</wp:postmeta>
		<wp:postmeta>
			<wp:meta_key><![CDATA[_menu_item_object_id]]></wp:meta_key>
			<wp:meta_value><![CDATA[4]]></wp:meta_value>
		</wp:postmeta>
		<wp:postmeta>
			<wp:meta_key><![CDATA[_menu_item_object]]></wp:meta_key>
			<wp:meta_value><![CDATA[category]]></wp:meta_value>
		</wp:postmeta>
		<wp:postmeta>
			<wp:meta_key><![CDATA[_menu_item_target]]></wp:meta_key>
			<wp:meta_value><![CDATA[]]></wp:meta_value>
		</wp:postmeta>
		<wp:postmeta>
			<wp:meta_key><![CDATA[_menu_item_classes]]></wp:meta_key>
			<wp:meta_value><![CDATA[a:1:{i:0;s:0:"";}]]></wp:meta_value>
		</wp:postmeta>
		<wp:postmeta>
			<wp:meta_key><![CDATA[_menu_item_xfn]]></wp:meta_key>
			<wp:meta_value><![CDATA[]]></wp:meta_value>
		</wp:postmeta>
		<wp:postmeta>
			<wp:meta_key><![CDATA[_menu_item_url]]></wp:meta_key>
			<wp:meta_value><![CDATA[]]></wp:meta_value>
		</wp:postmeta>
	</item>
	<item>
		<title></title>
		<link>https://demo.mantrabrain.com/mantranews-default/2019/01/09/36/</link>
		<pubDate>Wed, 09 Jan 2019 04:00:19 +0000</pubDate>
		<dc:creator><![CDATA[mantrabrain_demo]]></dc:creator>
		<guid isPermaLink="false">https://demo.mantrabrain.com/mantranews-default/?p=36</guid>
		<description></description>
		<content:encoded><![CDATA[ ]]></content:encoded>
		<excerpt:encoded><![CDATA[]]></excerpt:encoded>
		<wp:post_id>36</wp:post_id>
		<wp:post_date><![CDATA[2019-01-09 04:00:19]]></wp:post_date>
		<wp:post_date_gmt><![CDATA[2019-01-09 04:00:19]]></wp:post_date_gmt>
		<wp:comment_status><![CDATA[closed]]></wp:comment_status>
		<wp:ping_status><![CDATA[closed]]></wp:ping_status>
		<wp:post_name><![CDATA[36]]></wp:post_name>
		<wp:status><![CDATA[publish]]></wp:status>
		<wp:post_parent>0</wp:post_parent>
		<wp:menu_order>4</wp:menu_order>
		<wp:post_type><![CDATA[nav_menu_item]]></wp:post_type>
		<wp:post_password><![CDATA[]]></wp:post_password>
		<wp:is_sticky>0</wp:is_sticky>
		<category domain="nav_menu" nicename="main-menu"><![CDATA[Main Menu]]></category>
		<wp:postmeta>
			<wp:meta_key><![CDATA[_menu_item_type]]></wp:meta_key>
			<wp:meta_value><![CDATA[taxonomy]]></wp:meta_value>
		</wp:postmeta>
		<wp:postmeta>
			<wp:meta_key><![CDATA[_menu_item_menu_item_parent]]></wp:meta_key>
			<wp:meta_value><![CDATA[0]]></wp:meta_value>
		</wp:postmeta>
		<wp:postmeta>
			<wp:meta_key><![CDATA[_menu_item_object_id]]></wp:meta_key>
			<wp:meta_value><![CDATA[3]]></wp:meta_value>
		</wp:postmeta>
		<wp:postmeta>
			<wp:meta_key><![CDATA[_menu_item_object]]></wp:meta_key>
			<wp:meta_value><![CDATA[category]]></wp:meta_value>
		</wp:postmeta>
		<wp:postmeta>
			<wp:meta_key><![CDATA[_menu_item_target]]></wp:meta_key>
			<wp:meta_value><![CDATA[]]></wp:meta_value>
		</wp:postmeta>
		<wp:postmeta>
			<wp:meta_key><![CDATA[_menu_item_classes]]></wp:meta_key>
			<wp:meta_value><![CDATA[a:1:{i:0;s:0:"";}]]></wp:meta_value>
		</wp:postmeta>
		<wp:postmeta>
			<wp:meta_key><![CDATA[_menu_item_xfn]]></wp:meta_key>
			<wp:meta_value><![CDATA[]]></wp:meta_value>
		</wp:postmeta>
		<wp:postmeta>
			<wp:meta_key><![CDATA[_menu_item_url]]></wp:meta_key>
			<wp:meta_value><![CDATA[]]></wp:meta_value>
		</wp:postmeta>
	</item>
	<item>
		<title></title>
		<link>https://demo.mantrabrain.com/mantranews-default/2019/01/09/37/</link>
		<pubDate>Wed, 09 Jan 2019 04:00:19 +0000</pubDate>
		<dc:creator><![CDATA[mantrabrain_demo]]></dc:creator>
		<guid isPermaLink="false">https://demo.mantrabrain.com/mantranews-default/?p=37</guid>
		<description></description>
		<content:encoded><![CDATA[ ]]></content:encoded>
		<excerpt:encoded><![CDATA[]]></excerpt:encoded>
		<wp:post_id>37</wp:post_id>
		<wp:post_date><![CDATA[2019-01-09 04:00:19]]></wp:post_date>
		<wp:post_date_gmt><![CDATA[2019-01-09 04:00:19]]></wp:post_date_gmt>
		<wp:comment_status><![CDATA[closed]]></wp:comment_status>
		<wp:ping_status><![CDATA[closed]]></wp:ping_status>
		<wp:post_name><![CDATA[37]]></wp:post_name>
		<wp:status><![CDATA[publish]]></wp:status>
		<wp:post_parent>0</wp:post_parent>
		<wp:menu_order>5</wp:menu_order>
		<wp:post_type><![CDATA[nav_menu_item]]></wp:post_type>
		<wp:post_password><![CDATA[]]></wp:post_password>
		<wp:is_sticky>0</wp:is_sticky>
		<category domain="nav_menu" nicename="main-menu"><![CDATA[Main Menu]]></category>
		<wp:postmeta>
			<wp:meta_key><![CDATA[_menu_item_type]]></wp:meta_key>
			<wp:meta_value><![CDATA[taxonomy]]></wp:meta_value>
		</wp:postmeta>
		<wp:postmeta>
			<wp:meta_key><![CDATA[_menu_item_menu_item_parent]]></wp:meta_key>
			<wp:meta_value><![CDATA[0]]></wp:meta_value>
		</wp:postmeta>
		<wp:postmeta>
			<wp:meta_key><![CDATA[_menu_item_object_id]]></wp:meta_key>
			<wp:meta_value><![CDATA[2]]></wp:meta_value>
		</wp:postmeta>
		<wp:postmeta>
			<wp:meta_key><![CDATA[_menu_item_object]]></wp:meta_key>
			<wp:meta_value><![CDATA[category]]></wp:meta_value>
		</wp:postmeta>
		<wp:postmeta>
			<wp:meta_key><![CDATA[_menu_item_target]]></wp:meta_key>
			<wp:meta_value><![CDATA[]]></wp:meta_value>
		</wp:postmeta>
		<wp:postmeta>
			<wp:meta_key><![CDATA[_menu_item_classes]]></wp:meta_key>
			<wp:meta_value><![CDATA[a:1:{i:0;s:0:"";}]]></wp:meta_value>
		</wp:postmeta>
		<wp:postmeta>
			<wp:meta_key><![CDATA[_menu_item_xfn]]></wp:meta_key>
			<wp:meta_value><![CDATA[]]></wp:meta_value>
		</wp:postmeta>
		<wp:postmeta>
			<wp:meta_key><![CDATA[_menu_item_url]]></wp:meta_key>
			<wp:meta_value><![CDATA[]]></wp:meta_value>
		</wp:postmeta>
	</item>
	<item>
		<title></title>
		<link>https://demo.mantrabrain.com/mantranews-default/2019/01/09/38/</link>
		<pubDate>Wed, 09 Jan 2019 04:00:19 +0000</pubDate>
		<dc:creator><![CDATA[mantrabrain_demo]]></dc:creator>
		<guid isPermaLink="false">https://demo.mantrabrain.com/mantranews-default/?p=38</guid>
		<description></description>
		<content:encoded><![CDATA[ ]]></content:encoded>
		<excerpt:encoded><![CDATA[]]></excerpt:encoded>
		<wp:post_id>38</wp:post_id>
		<wp:post_date><![CDATA[2019-01-09 04:00:19]]></wp:post_date>
		<wp:post_date_gmt><![CDATA[2019-01-09 04:00:19]]></wp:post_date_gmt>
		<wp:comment_status><![CDATA[closed]]></wp:comment_status>
		<wp:ping_status><![CDATA[closed]]></wp:ping_status>
		<wp:post_name><![CDATA[38]]></wp:post_name>
		<wp:status><![CDATA[publish]]></wp:status>
		<wp:post_parent>0</wp:post_parent>
		<wp:menu_order>6</wp:menu_order>
		<wp:post_type><![CDATA[nav_menu_item]]></wp:post_type>
		<wp:post_password><![CDATA[]]></wp:post_password>
		<wp:is_sticky>0</wp:is_sticky>
		<category domain="nav_menu" nicename="main-menu"><![CDATA[Main Menu]]></category>
		<wp:postmeta>
			<wp:meta_key><![CDATA[_menu_item_type]]></wp:meta_key>
			<wp:meta_value><![CDATA[taxonomy]]></wp:meta_value>
		</wp:postmeta>
		<wp:postmeta>
			<wp:meta_key><![CDATA[_menu_item_menu_item_parent]]></wp:meta_key>
			<wp:meta_value><![CDATA[0]]></wp:meta_value>
		</wp:postmeta>
		<wp:postmeta>
			<wp:meta_key><![CDATA[_menu_item_object_id]]></wp:meta_key>
			<wp:meta_value><![CDATA[1]]></wp:meta_value>
		</wp:postmeta>
		<wp:postmeta>
			<wp:meta_key><![CDATA[_menu_item_object]]></wp:meta_key>
			<wp:meta_value><![CDATA[category]]></wp:meta_value>
		</wp:postmeta>
		<wp:postmeta>
			<wp:meta_key><![CDATA[_menu_item_target]]></wp:meta_key>
			<wp:meta_value><![CDATA[]]></wp:meta_value>
		</wp:postmeta>
		<wp:postmeta>
			<wp:meta_key><![CDATA[_menu_item_classes]]></wp:meta_key>
			<wp:meta_value><![CDATA[a:1:{i:0;s:0:"";}]]></wp:meta_value>
		</wp:postmeta>
		<wp:postmeta>
			<wp:meta_key><![CDATA[_menu_item_xfn]]></wp:meta_key>
			<wp:meta_value><![CDATA[]]></wp:meta_value>
		</wp:postmeta>
		<wp:postmeta>
			<wp:meta_key><![CDATA[_menu_item_url]]></wp:meta_key>
			<wp:meta_value><![CDATA[]]></wp:meta_value>
		</wp:postmeta>
	</item>
</channel>
</rss>
